ข้อที่,คำถาม,1,2,3,4,เฉลย,เฉลย,เฉลย,,,,,,,,,
1,"""วันอัฎฐมีบูชา"" ตรงกับวันใด",แรม 1 ค่ำเดือน 6,วันแรม 8 ค่ำ เดือน 6,ขึ้น 1 ค่ำ เดือน 8,วันขึ้น 8 ค่ำ เดือน 8,2,"วันแรม 8 ค่ำ เดือน 6 เพราะวันอัฏฐมีบูชา เป็นวันถวายพระเพลิงพระพุทธสรีระของ
พระพุทธเจ้าที่เมืองกุสินาร า มีพระมหากัสสปะเป็นประชาชน ตรงกับวันแรม 8 ค่ำ เดือน 6
","ตอบ 2. วันแรม 8 ค่ำ เดือน 6 เพราะวันอัฏฐมีบูชา เป็นวันถวายพระเพลิงพระพุทธสรีระของ
พระพุทธเจ้าที่เมืองกุสินาร า มีพระมหากัสสปะเป็นประชาชน ตรงกับวันแรม 8 ค่ำ เดือน 6
",,,,,,,,,
2,ธรรมหมวดแรกที่พระพุทธเจ้าทรงแสดงปฐมเทศนาคือหมวดใด,อริยสัจ 4,โอวาท 3,เบญจศีล-เบญจธรรม,ธัมมจักกัปปวัตนสูตร,4,"ธัมมจักกัปปวัตนสูตร เพราะหลังจากพระพุทธเจ้าตรัสรู้แล้วได้เสด็จไปที่ป่าอิสิปตนมฤคทายวัน
เพื่อโปรดปัญจวัคคีย์ทั้ง 5 โดยแสดงธรรมหมวดแรกคือ ธัมมจักกัปปวัตนสูตร","ตอบ 4. ธัมมจักกัปปวัตนสูตร เพราะหลังจากพระพุทธเจ้าตรัสรู้แล้วได้เสด็จไปที่ป่าอิสิปตนมฤคทายวัน
เพื่อโปรดปัญจวัคคีย์ทั้ง 5 โดยแสดงธรรมหมวดแรกคือ ธัมมจักกัปปวัตนสูตร",,,,,,,,,
3,"""สัพพทาฐิชาดก"" กล่าวถึงสัตว์ประเภทใดที่รอบรู้ปฐวีวิชัยมนต์",เสือ,สุนัขจิ้งจอก,สิงโต,กวาง,2,"สุนัขจิ้งจอก เพราะในชาดกเรื่อง สัพพทาฐิชาดก พระโพธิสัตว์ซึ่งเป็นปุโรหิตได้สาธยายมนต์
เมื่อสุนัขจิ้งจอกได้ฟังมนต์ปฐวีวิชัยมนต์ก็ท่องได้อย่างคล่องแคล่ว แล้วนำมนต์ไปบังคับสัตว์
ตัวอื่นให้อยู่ในอำนาจของตน จะชิงบัลลังก์จากเจ้าเมืองพาราณสี","ตอบ 2. สุนัขจิ้งจอก เพราะในชาดกเรื่อง สัพพทาฐิชาดก พระโพธิสัตว์ซึ่งเป็นปุโรหิตได้สาธยายมนต์
เมื่อสุนัขจิ้งจอกได้ฟังมนต์ปฐวีวิชัยมนต์ก็ท่องได้อย่างคล่องแคล่ว แล้วนำมนต์ไปบังคับสัตว์
ตัวอื่นให้อยู่ในอำนาจของตน จะชิงบัลลังก์จากเจ้าเมืองพาราณสี",,,,,,,,,
4,พระพุทธศาสนามีความสำคัญต่อสังคมไทยมาตั้งแต่เมื่อใด,ตั้งแต่ก่อนสมัยสุโขทัย,สมันสุโขทัย,สมัยอยุธยา,สมัยธนบุรี,2,สมัยสุโขทัย เพราะพระพุทธศาสนาประดิษฐานครั้งแรกในสุโขทัยและสืบทอดต่อมาเรื่อยๆ,ตอบ 2. สมัยสุโขทัย เพราะพระพุทธศาสนาประดิษฐานครั้งแรกในสุโขทัยและสืบทอดต่อมาเรื่อยๆ,,,,,,,,,
5,"""สิกขาคารวตา"" ในหลักธรรมเรื่องคารวะ 6 หมายถึงสิ่งใด",เคารพในพระพุทธเจ้า,เคารพในกรพธรรม,เคารพในพระสงฆ์,เคารพในการศึกษา,4,"เคารพในการศึกา เพราะหลักธรรมเรื่องคารวะ 6 ประกอบด้วยการเคารพในสิ่งต่างๆ 6 ประการ
 ดังนี้ พุทธคารวตา คือ การเคารพในพระพุทธเจ้า, ธัมมคารวตา คือ เคารพในพระธรรม, สังฆคารวตา คือ เคารพในพระสงฆ์, สิกขาคารวตา คือ เคารพในการศึกษา, อัปปมาทคารวตา คือ เคารพในความไม่ประมาท
ปฏิสันถารคารวตา คือ เคารพในการต้อนรับ","ตอบ 4. เคารพในการศึกา เพราะหลักธรรมเรื่องคารวะ 6 ประกอบด้วยการเคารพในสิ่งต่างๆ 6 ประการ
 ดังนี้ พุทธคารวตา คือ การเคารพในพระพุทธเจ้า, ธัมมคารวตา คือ เคารพในพระธรรม, สังฆคารวตา คือ เคารพในพระสงฆ์, สิกขาคารวตา คือ เคารพในการศึกษา, อัปปมาทคารวตา คือ เคารพในความไม่ประมาท
ปฏิสันถารคารวตา คือ เคารพในการต้อนรับ",,,,,,,,,
6,"""การฝึกอบรมในด้านสติปัญญา"" ในหลักธรรมเรื่องไตรสิกขา หมายถึงข้อใด",ศีลสิกขา,จิตสิกขา,ปัญญาสิกขา,สมาธิสิกขา,3,"ปัญญาสิกขา เพราะหลักธรรมเรื่องไตรสิกขา ประกอบด้วย 3 ประการ ได้แก่ ศีลสิกขา จิตสิกขา
และปัญญาสิกขา โดยปัญญาสิกขา เป็นการศึกษาทางด้านสติปญญาให้มีความรู้ในด้านต่างๆ 
อย่างรอบด้านตามความป็นจริง","ตอบ 3. ปัญญาสิกขา เพราะหลักธรรมเรื่องไตรสิกขา ประกอบด้วย 3 ประการ ได้แก่ ศีลสิกขา จิตสิกขา
และปัญญาสิกขา โดยปัญญาสิกขา เป็นการศึกษาทางด้านสติปญญาให้มีความรู้ในด้านต่างๆ 
อย่างรอบด้านตามความป็นจริง",,,,,,,,,
7,การส่งความปราถนาดีต่อผู้อื่น สามารถแสดงออกได้ด้วยวิธีใด,การไหว้,การแผ่เมตตา,การกรวดน้ำ,การนั่งสมาธิ,2,"การแผ่เมตตา เพราะการส่งความปราถนาดีสู่ผู้อื่นด้วยจิตบริสุทธิ์ช่วยให้เรามีจิตใจอ่อนโยน สงบ
แสดงออกได้โดยการแผ่เมตตา","ตอบ 2. การแผ่เมตตา เพราะการส่งความปราถนาดีสู่ผู้อื่นด้วยจิตบริสุทธิ์ช่วยให้เรามีจิตใจอ่อนโยน สงบ
แสดงออกได้โดยการแผ่เมตตา",,,,,,,,,
8,"""ความจริงอันประเสริฐ"" ในพระพุทธศาสนาหมายถึงหลักธรรมในข้อใด",สังคหวัตถุ 4,อริยสัจ 4,วุฒิธรรม 4,พรหมวิหาร 4,2,"อริยสัจ 4 เพราะความจริงอันประเสริฐซึ่งเป็นหัวใจของพระพุทธศาสนาที่พระพุทธเจ้าทรงค้นพบ
จากการรัสรู้ ได้แก่ หลักธรรมเรื่องอริยสัจ 4 ","ตอบ 2. อริยสัจ 4 เพราะความจริงอันประเสริฐซึ่งเป็นหัวใจของพระพุทธศาสนาที่พระพุทธเจ้าทรงค้นพบ
จากการรัสรู้ ได้แก่ หลักธรรมเรื่องอริยสัจ 4 ",,,,,,,,,
9,การประกอบพิธีใดเป็นการยืนยันถึงการยอมรับนับถือในศาสนาคริสต์,ศีลล้างบาป,ศีลกำลัง,ศีลมหาสนิท,ศีลแก้บาป,2,ศีลกำลัง เพราะการประกอบพิธีรับศิลกำลัง เป็นพิธีกรรมเพื่อที่จะยืนยันการยอมรับนับถือศาสนาคริสต์,ตอบ 2  ศีลกำลัง เพราะการประกอบพิธีรับศิลกำลัง เป็นพิธีกรรมเพื่อที่จะยืนยันการยอมรับนับถือศาสนาคริสต์,,,,,,,,,
10,วันสำคัญทางพระพุทธศาสนาใดที่มีการปฏิบัติแตกต่างไปจากวันสำคัญอื่น,วันวิสาขบูชา,วันอาสาฬหบูชา,วันมาฆบูชา,วันอัฎฐมีบูชา,4,"วันอัฏฐมีบูชา เพราะวันสำคัญทางพระพุทธศาสนาที่มีการปฏิบัติแตกต่างไปจากวันสำคัญ
ทางพระพุทธศาสนาอื่น คือ  วันอัฏฐมีบูชา เนื่องจากไม่มีการเวียนเทียนรอบพระอุโบสถในช่วงค่ำ แต่วัน
สำคัญอื่นจะมีการเวียนเทียนรอบอุโบสถ","ตอบ 4  วันอัฏฐมีบูชา เพราะวันสำคัญทางพระพุทธศาสนาที่มีการปฏิบัติแตกต่างไปจากวันสำคัญ
ทางพระพุทธศาสนาอื่น คือ  วันอัฏฐมีบูชา เนื่องจากไม่มีการเวียนเทียนรอบพระอุโบสถในช่วงค่ำ แต่วัน
สำคัญอื่นจะมีการเวียนเทียนรอบอุโบสถ",,,,,,,,,
11,ในการแสดงตนเป็นพุทธมามกะ ใครเป็นผู้ประกอบพิธีให้,ผู้อาวุโสในชุมชน,คณะครู - อาจารย์ในโรงเรียน,ผู้ปกครองนักเรียน,พระสงฆ์,4,"ระสงฆ์  เพราะในพิธีการแสดงตนเป็นถพุทธมามกะโดยทั่วไปจะทำในโบสถ์และมีพระสงฆ์เป็น
ผู้ประกอบพิธีให้","ตอบ 4 พระสงฆ์  เพราะในพิธีการแสดงตนเป็นถพุทธมามกะโดยทั่วไปจะทำในโบสถ์และมีพระสงฆ์เป็น
ผู้ประกอบพิธีให้",,,,,,,,,
12,เฮโรอีน ในกฏหมายเกี่ยวกับยาเสพติดห็โทษ จัดเป็นยาเสพติดประเภทใด,ยาเสพติดประเภทที่ 1,ยาเสพติดประเภทที่ 2,ยาเสพติดประเภทที่ 3,ยาเสพติดประเภทที่ 4,1," ยาเสพติดประเภทที่ 1 เพราะพระราชบัญญัติยาเสพติดให้โทษ พุทธศักราช 2522 จัดให้เฮโรอีน
ยาบ้า เป็นยาเสพติดประเภทที่ 1 ซึ่งมีโทษร้ายแรงที่สุด","ตอบ 1.  ยาเสพติดประเภทที่ 1 เพราะพระราชบัญญัติยาเสพติดให้โทษ พุทธศักราช 2522 จัดให้เฮโรอีน
ยาบ้า เป็นยาเสพติดประเภทที่ 1 ซึ่งมีโทษร้ายแรงที่สุด",,,,,,,,,
13,วัฒนธรรมไทยที่แสดงออกถึงความเป็นไทยได้ดีที่สุดคือข้อใด,อาหารไทย,การแต่งกายุดไทย,การสื่อสารด้วยภาษาไทย,การไหว้ตามธรรมเนียมไทย,3,"การสื่อสารด้วยภาษาไทย เพราะภาษาไทยเป็นวัฒนธรรมของไทยที่เป็นเอกลักษณ์ และ
แตกต่างจากชนชาติอื่นมากที่สุด","ตอบ 3. การสื่อสารด้วยภาษาไทย เพราะภาษาไทยเป็นวัฒนธรรมของไทยที่เป็นเอกลักษณ์ และ
แตกต่างจากชนชาติอื่นมากที่สุด",,,,,,,,,
14,วัฒนธรรมของภาคใดที่ไม่มีความคล้ายคลึงกัน,ภาคกลางและภาคตะวันตก,ภาคกลางและภาคตะวันออก,ภาคตะวันตกและภาคตะวันออก,ภาคตะวันตกและภาคใต้,4,"ภาคตะวันตกและภาคใต้ เพราะประชาชนในภาคกลาง ภาคตะวันออก และภาคตะวันตกจะมี
วัฒนธรรมที่คล้ายคลึงกัน คือการรับประทานข้าวเป็นอาหารหลัก สื่อสารกันโดยภาษาไทยเป็นต้น","ตอบ 4. ภาคตะวันตกและภาคใต้ เพราะประชาชนในภาคกลาง ภาคตะวันออก และภาคตะวันตกจะมี
วัฒนธรรมที่คล้ายคลึงกัน คือการรับประทานข้าวเป็นอาหารหลัก สื่อสารกันโดยภาษาไทยเป็นต้น",,,,,,,,,
15,การประเคนของแด่พระสงฆ์ที่ยกด้วยมือทั้งสองอยู่ห่างจากพระสงฆ์ในระยะหัตถบาสเป็นการส่งของให้พระภิกษุสงฆ์ของใคร,ภิกษุณี,สามเณร,ผู้ชาย,ผู้หญิง,3,"ผู้ชายเพราะผู้ชายจะประเคนของให้พระด้วยการยกของทั้งสองมือ อยู่ห่างจากพระสงฆ์ระยะหัตถบาสหรือประ
มาณ 1 ศอก แล้วยกของประเตนในลักษณะมือต่อมือกับพระสงฆ์","ตอบ 3. ผู้ชายเพราะผู้ชายจะประเคนของให้พระด้วยการยกของทั้งสองมือ อยู่ห่างจากพระสงฆ์ระยะหัตถบาสหรือประ
มาณ 1 ศอก แล้วยกของประเตนในลักษณะมือต่อมือกับพระสงฆ์",,,,,,,,,
16,กิจกรรมใดที่มีส่วนส่งเสริมประชาธิปไตยในท้องถิ่นมากที่สุด,การสร้างเครือข่ายให้ความรู้แก่ประชาชน,การติดตั้งข่าวสารเกี่ยวกับการเลือกตั้ง,การติดป้ายโฆษณาเกี่ยวกับการเลือดตั้ง,การเกณฑ์ประชาชนให้มาฟังการหาเสียงเลือกตั้ง,1," การสร้างเครือข่ายให้ความรู้แก่ประชาชน  เพราะกิจกรรมการส่งเสริมประชาธิปไตยที่เข้าถึง
ประชาชนและได้ผลดี  คือ การสร้างเครือข่างให้ความรู้แก่ประชาชนในเรื่องประชาธิปไตยที่ถูกต้อง","ตอบ 1.  การสร้างเครือข่ายให้ความรู้แก่ประชาชน  เพราะกิจกรรมการส่งเสริมประชาธิปไตยที่เข้าถึง
ประชาชนและได้ผลดี  คือ การสร้างเครือข่างให้ความรู้แก่ประชาชนในเรื่องประชาธิปไตยที่ถูกต้อง",,,,,,,,,
17,ใครที่ถือเป็นผู้ผลิตที่มีความรับผิดชอบต่อสิ่งแวดล้อมมากที่สุด,ผู้ที่ผลิตสินค้าโดยใช้วัตถุดิบในท้องถิ่น,ผู้ผลิตสินค้าที่ต้นทุ่นต่ำ,ผู้ผิตสินค้าที่เป็นมิตรต่อสิ่งแวดล้อม,ผู้ผลิตสินค้าที่มีคุณภาพ,3," ผู้ผลิตสินค้าที่เป็นมิตรต่อสิ่งแวดล้อม เพราะผู้ผลิตที่มีความรับผิดชอบต่อสิ่งแวดล้อมต้องผลิตสินค้าโดย
ไม่ก่อให้เกิดภาวะอากศเป็นพิษ เสียงเป็นพิษ  เป็นต้น","ตอบ 3.  ผู้ผลิตสินค้าที่เป็นมิตรต่อสิ่งแวดล้อม เพราะผู้ผลิตที่มีความรับผิดชอบต่อสิ่งแวดล้อมต้องผลิตสินค้าโดย
ไม่ก่อให้เกิดภาวะอากศเป็นพิษ เสียงเป็นพิษ  เป็นต้น",,,,,,,,,
18,คุณสมบัติของผู้บริโภคที่ดี การเลือกซื้อสินค้าต้องมีความเหมาะสมกับสิ่งใด,เหมาะสมกับฐานะของครอบครัว,เหมาะสมกับตำแหน่งหน้าที่ของตน,เหมาะสมกับรายได้ของตนเอง,เหมาะสมกับรสนิยมของตนเอง,3,"เหมาะสมกับรายได้ของตนเองเพราะในการซื้อสินค้าและบริการ ผู้บริโภคที่ดีต้องมีวินัยในการใช้จ่ายโดย
ไม่ใช้จ่ายเงินเกินตัวจนนำไปสู่การเกิดภาวะหนึ้สินรุงรัง โดยการซื้อสินค้าที่มีราคาเป็นธรรมและเหมาะสมกับรายได้ของตน","ตอบ 3. เหมาะสมกับรายได้ของตนเองเพราะในการซื้อสินค้าและบริการ ผู้บริโภคที่ดีต้องมีวินัยในการใช้จ่ายโดย
ไม่ใช้จ่ายเงินเกินตัวจนนำไปสู่การเกิดภาวะหนึ้สินรุงรัง โดยการซื้อสินค้าที่มีราคาเป็นธรรมและเหมาะสมกับรายได้ของตน",,,,,,,,,
19,สินค้าและบริการประเภทใดที่มีส่วนในการทำลายสิ่งแวดล้อมซึ่งผู้บริโภคที่ดีควรหลีกเลี่ยงมากที่สุด,การท่องเที่ยว,การซื้อไม้แปรรูป,อุตสาหกรรมในครัวเรือน,สินค้าหนึ่งตำบลหนึ่งผลิตภัณฑ์ (โอท็อป),2," การซื้อไม้แปรรูป  เพราะสินค้าไม้แปรรูป เป็นผลผลิตที่ได้มาจากการตัวโค่นต้นไม้ในป่าแล้วนำมาแปรรูป
เพื่อนำไปเป็นวัสดุก่อสร้างต่างๆ ซึ่งจัดเป็นสินค้าที่ส่วนทำลายสิ่งแวดล้อมเนื่องจากต้นไม้เป็นส่วนหนึ่งของระบบ
นิเวศวิทยา ช่วยดูดซับก๊าชพิษ และทำให้ภูมิอากาศไมแปรปรวน การตัดไม้จะทำให้ระบบนิเวศเปลี่ยนไป อากาศแปรปรวน","ตอบ 2.  การซื้อไม้แปรรูป  เพราะสินค้าไม้แปรรูป เป็นผลผลิตที่ได้มาจากการตัวโค่นต้นไม้ในป่าแล้วนำมาแปรรูป
เพื่อนำไปเป็นวัสดุก่อสร้างต่างๆ ซึ่งจัดเป็นสินค้าที่ส่วนทำลายสิ่งแวดล้อมเนื่องจากต้นไม้เป็นส่วนหนึ่งของระบบ
นิเวศวิทยา ช่วยดูดซับก๊าชพิษ และทำให้ภูมิอากาศไมแปรปรวน การตัดไม้จะทำให้ระบบนิเวศเปลี่ยนไป อากาศแปรปรวน",,,,,,,,,
20,ในขั้นตอนการผลิตสินค้าและบริการสามารถลดปริมาณการใช้ทรัพยากรได้โดยวิธีใด,การใช้ทรัพยากรที่มีคุณภาพทำให้ลดการสิ้นเปลือง,ใช้เทคโนโลยีที่ทันสมัยในการผลิตสินค้าและบริการต่างๆ,การผลิตสินค้าโดยใช้ภูมิปัญญาท้องถิ่น,การผลิตสินค้าด้วยแรงงานของคนและสัตว์,2," ใช้เทคโนโลยีที่ทันสมัยในการผลิตสินค้าและบริการต่างๆ เพราะการใช้เทคโนโลยีที่ทันสมัย ในการผลิต
สินค้าและบริการต่างๆ จะช่วยลดปริมาณการใช้ทรัพยากรอย่างมาก","ตอบ 2.  ใช้เทคโนโลยีที่ทันสมัยในการผลิตสินค้าและบริการต่างๆ เพราะการใช้เทคโนโลยีที่ทันสมัย ในการผลิต
สินค้าและบริการต่างๆ จะช่วยลดปริมาณการใช้ทรัพยากรอย่างมาก",,,,,,,,,
21,การสร้างจิตสำนึกให้คนในชาติรู้คุณค่าของทรัพยากรโดยการปลูกฝังค่านิยมด้านความประหยัด ควรเริ่มต้นที่บุคคลใด,เด็กและเยาวชน,พ่อแม่ผู้ปกครอง,ข้าราชการและผู้บริหารประเทศ,พ่อค้านักธุรกิจ,1,"  เด็กและเยาวชน  เพราะการสร้างจิตสำนึกในด้านสิ่งแวดล้อมให้คนในชาติรู้ถึงคุณค่าของทรัพยากรควรที่
จะมีการปลูกฝังในด้านการประหยัด โดยเริ่มต้นที่เด็กและเยาวชนซึ่งเป็นคนรุ่นใหม่ แล้วขยายไปในบุคคลอื่นในสังคมต่อไป","ตอบ 1.   เด็กและเยาวชน  เพราะการสร้างจิตสำนึกในด้านสิ่งแวดล้อมให้คนในชาติรู้ถึงคุณค่าของทรัพยากรควรที่
จะมีการปลูกฝังในด้านการประหยัด โดยเริ่มต้นที่เด็กและเยาวชนซึ่งเป็นคนรุ่นใหม่ แล้วขยายไปในบุคคลอื่นในสังคมต่อไป",,,,,,,,,
22,ทรัพยากรใดที่มีประโยชน์ในการช่วยสร้างความสมดุลให้แก่ธรรมชาติมากที่สุด,แร่ธาตุ,ป่าไม้,สัตว์ตามธรรมชาติ,ดินและน้ำ,2,"ป่าไม้  เพราะทรัพยากระรรมชาติประเภทป่าไม้มีความสำคัญ ช่วยสร้างความสมดุลให้แก่ธรรมชาติมากที่สุด
โดยช่วยลดภาวะอากาศเป็นพิษ ภูมิอากาศไม่แปรปรวน ช่วยบรรเทาปัญหาน้ำท่วมขังเป็นต้น","ตอบ 2. ป่าไม้  เพราะทรัพยากระรรมชาติประเภทป่าไม้มีความสำคัญ ช่วยสร้างความสมดุลให้แก่ธรรมชาติมากที่สุด
โดยช่วยลดภาวะอากาศเป็นพิษ ภูมิอากาศไม่แปรปรวน ช่วยบรรเทาปัญหาน้ำท่วมขังเป็นต้น",,,,,,,,,
23,หน่วยครัวเรือนในทางเศรษฐศาสตร์ มีลักษณะอย่างไร,เป็นหน่วยเศรษฐกิจที่มีความสำคัญมากที่สุด,เป็นหน่วยธุรกิจที่มีขนาดใหญ่มากที่สุด,เป็นหน่วยเศรษฐกิจที่มีขนาดเล็กที่สุด,เป็นหน่วยเศรษฐกิจที่ทำหน้าที่ผลิตสินค้าและบริการอย่างเดียว,1,"เป็นหน่วยเศรษฐกิจที่มีความสำคัญมากที่สุด เพราะหน่วยครัวเรือนนั้นเป็นหน่วยเศรษฐกิจที่มี
ขนาดเล็กที่สุดซึ่งทำหน้าที่เป็นทั้งผู้ผลิตสินค้าและเป็นผู้บริการ รวมทั้งเป็นผู้บริโภคด้วย และต้องการค่าจ้างเป็นสิ่งตอบแทนสูง","ตอบ 1. เป็นหน่วยเศรษฐกิจที่มีความสำคัญมากที่สุด เพราะหน่วยครัวเรือนนั้นเป็นหน่วยเศรษฐกิจที่มี
ขนาดเล็กที่สุดซึ่งทำหน้าที่เป็นทั้งผู้ผลิตสินค้าและเป็นผู้บริการ รวมทั้งเป็นผู้บริโภคด้วย และต้องการค่าจ้างเป็นสิ่งตอบแทนสูง",,,,,,,,,
24,การจัดเก็บภาษีในลักษณะใดที่จัดเป็นภาษีทางตรงที่มีความสำคัญมากที่สุด,ภาษีมรดก,ภาษีรายได้บุคคลธรรมดา,ภาษีมูลค่าเพิ่ม,ภาษีสรรพสามิต,2,"ภาษีรายได้บุคคลธรรมดา เพราะเป็นภาษีที่รัฐบาลเรียกเก็บจากประชาชนโดยตรง โดยภาษีที่สำคัญ คือภาษีราย
ได้บุคคลธรรมดา","ตอบ 2. ภาษีรายได้บุคคลธรรมดา เพราะเป็นภาษีที่รัฐบาลเรียกเก็บจากประชาชนโดยตรง โดยภาษีที่สำคัญ คือภาษีราย
ได้บุคคลธรรมดา",,,,,,,,,
25,วิธีการศึกษาทางประวัติศาสตร์ หมายถึง,การศึกษาโดยอาศัยการทำนายของโหร,การรวบรวมหลักฐานอย่างรอบคอบ,การศึกษาโดยไม่ต้องหาหลักฐานใดๆ,การศึกษาโดยผู้เชี่ยวชาญเท่านั้น,2," การรวบรวมหลักฐานอย่างรอบคอบ เพราะวิธีการศึกษาทางประวัติศาสตร์ หมายถึง วิธีการที่รวบรวมหลักฐาน
ต่างๆ ทางประวัติศาสตร์แล้วนำมาพิจารณาอย่างละเอียดรอบคอบทั้งมีขั้นตอนในการศึกษาที่ชัดเจน เป็นที่ยอมรับของบุคคลทั่วไป ประกอบด้วย 5 ขั้นตอนที่สำคัญ","ตอบ 2.  การรวบรวมหลักฐานอย่างรอบคอบ เพราะวิธีการศึกษาทางประวัติศาสตร์ หมายถึง วิธีการที่รวบรวมหลักฐาน
ต่างๆ ทางประวัติศาสตร์แล้วนำมาพิจารณาอย่างละเอียดรอบคอบทั้งมีขั้นตอนในการศึกษาที่ชัดเจน เป็นที่ยอมรับของบุคคลทั่วไป ประกอบด้วย 5 ขั้นตอนที่สำคัญ",,,,,,,,,
26,หลักฐานใดที่จัดเป็นหลักฐานชั้นรองในการศึกษาทางประวัติศาสตร์,บันทึกเหตุการณ์ของคนในยุคนั้น,นิทานที่กล่าวถึงเหตุการณ์นั้น,โบราณวัตถุที่เกิดในยุคนั้น,โบราณสถานที่เกิดร่วมสมัยกับเหตุการณ์นั้น,2," นิทานที่กล่าวถึงเหตุการณ์นั้น เพราะหลักฐานทางประวัติศาสตร์ที่สำคัญ  เช่น นิทานพื้นบ้านที่กล่าวถึงเหตุการณ์ทางประวัติศาสตร์นั้น ภายหลังจากที่เหตุการณ์นั้นสิ้นสุดลงจะปะปนไปด้วยอิทธิ์ฤทธิ์ปาฏิหาริย์ต่าง ๆ
มากมาย จึงเป็นหลักฐานนที่น่าเชื่อถือน้อยกว่าหลักฐานชั้นต้น","ตอบ 2.  นิทานที่กล่าวถึงเหตุการณ์นั้น เพราะหลักฐานทางประวัติศาสตร์ที่สำคัญ  เช่น นิทานพื้นบ้านที่กล่าวถึงเหตุการณ์ทางประวัติศาสตร์นั้น ภายหลังจากที่เหตุการณ์นั้นสิ้นสุดลงจะปะปนไปด้วยอิทธิ์ฤทธิ์ปาฏิหาริย์ต่าง ๆ
มากมาย จึงเป็นหลักฐานนที่น่าเชื่อถือน้อยกว่าหลักฐานชั้นต้น",,,,,,,,,
27,"""กฏหมายตราสามดวง"" ที่ประกาศใช้ในกรุงรัตนโกสินทร์ตรงกับรัชกาลใด",รัชกาลที่ 1,รัชกาลที่ 2,รัชกาลที่ 3,รัชกาลที่ 4,1,"รัชการที่ 1 เพราะเป็นมวลกฏหมายที่ประกาศใช้ในสมัยรัตนโกสินทร์ ในสมัยรัชกาลที่ 1  อันเป็นผลเนื่อง
มากจากกกหมายที่ใช้มาตั้งแต่สมัยอยุธยามีความล้าสมัย ซึ่งไม่เหมาะสมกับสภาพบ้านเมืองที่มีการเปลี่ยนแปลง","ตอบ 1. รัชการที่ 1 เพราะเป็นมวลกฏหมายที่ประกาศใช้ในสมัยรัตนโกสินทร์ ในสมัยรัชกาลที่ 1  อันเป็นผลเนื่อง
มากจากกกหมายที่ใช้มาตั้งแต่สมัยอยุธยามีความล้าสมัย ซึ่งไม่เหมาะสมกับสภาพบ้านเมืองที่มีการเปลี่ยนแปลง",,,,,,,,,
28,ในสมัยรัชกาลที่ 4 แห่งกรุงรัตนโกสินทร์ ประเทศไทยประสบกับปัญหาในด้านใดสำคัญที่สุด,ปัญหาความยากจนของประชาชน,ปัญหาการเกิดรคระบาด,ปัญหาภัยคุกคามจากชาติตะวันตก,ปัญหาความไม่สงบจากการเกิดโจรผู้ร้ายชุกชุม,3,"  ปัญหาภัยคุกคามจากชาติตะวันตก  เพราะเหตุการณ์สำคัญที่เกิดขึ้นในสมัยรัชการที่ 4 คือมีภัยคุกคามจาก
ชาติตะวันตก  รัชการที่ 4  จึงทรงคำเนินการผูกมิตรกับชาติตะวันตก เพื่อลดแรงกดดันของต่างชาติที่มีต่อไทย","ตอบ 3.   ปัญหาภัยคุกคามจากชาติตะวันตก  เพราะเหตุการณ์สำคัญที่เกิดขึ้นในสมัยรัชการที่ 4 คือมีภัยคุกคามจาก
ชาติตะวันตก  รัชการที่ 4  จึงทรงคำเนินการผูกมิตรกับชาติตะวันตก เพื่อลดแรงกดดันของต่างชาติที่มีต่อไทย",,,,,,,,,
29,รูปแบบการปกครองที่ประเทศในภูมิภาคเอเชียตะวันออกเฉียงใต้ได้รับแบบอย่างมาจากประเทศอินเดียคือรูปแบบใด,การปกครองในระบอบประชาธิปไตย,การปกครองแบบเทวราชา,การปกครองแบบธรรมราชา,การปกครองแบบพ่อปกครองลูก,2,"  การปกครองแบบเทวราชา   เพราะเป็นรูปแบบที่ยกย่องพระมหากษัตริย์เป็นสมมติเทพ  หรือเทวดามีอำนาจ
เด็จขาด  ชาวเอเชียตะวันออกเฉียงใต้รับอารยธรรมมาจากอินเดียผ่านทางอาณาจักรฟูนันที่เป็นอาณาจักรที่มีอายุเก่าแก่ที่สุด","ตอบ 2.   การปกครองแบบเทวราชา   เพราะเป็นรูปแบบที่ยกย่องพระมหากษัตริย์เป็นสมมติเทพ  หรือเทวดามีอำนาจ
เด็จขาด  ชาวเอเชียตะวันออกเฉียงใต้รับอารยธรรมมาจากอินเดียผ่านทางอาณาจักรฟูนันที่เป็นอาณาจักรที่มีอายุเก่าแก่ที่สุด",,,,,,,,,
30,ประชาชนในภูมิภาคเอเชียตะวันออกเฉียงใต้ส่วนใหญ่นับถือศาสนาใด,ศาสนาอิสลาม,ศาสนาชิกข์,ศาสนาพุทธ,ศาสนาคริสต์,1,"  ศาสนาอิสลาม  เพราะประชากรส่วนใหญ่ในภูมิภาคเอเชียตะวันออกเฉียงให้นับถือศาสนาอิสลามโดย
เฉพาะประเทศอินโดนีเชีย เป็นประเทศที่มีประชากรนับถือศาสนาอิสลามมากที่สุดในโลก","ตอบ 1.   ศาสนาอิสลาม  เพราะประชากรส่วนใหญ่ในภูมิภาคเอเชียตะวันออกเฉียงให้นับถือศาสนาอิสลามโดย
เฉพาะประเทศอินโดนีเชีย เป็นประเทศที่มีประชากรนับถือศาสนาอิสลามมากที่สุดในโลก",,,,,,,,,
31,ประเทศใดในภูมิภาคเอเชียตะวันออกเฉียงใต้ที่ประชากรมีความเชื่อทางศาสนาแตกต่างไปจากประเทศอื่นมากที่สุด,ประเทศมาเลเชีย,ประเทศบรูไน,ประเทศอินโดนีเชีย,ประเทศฟิลิปินส์,4,"  ประเทศฟิลิปินส์  เพราะประเทศฟิลิปินส์เป็นชาติเดียวที่ประชาชนส่วนใหญ่จะนับถือศาสนาคริสต์ ซึ่งรับมา
จากชาติตะวันตก จึงถือเป็นความเชื่อทางด้านศาสนาที่แตกต่งจากประเทศอื่น","ตอบ 4.   ประเทศฟิลิปินส์  เพราะประเทศฟิลิปินส์เป็นชาติเดียวที่ประชาชนส่วนใหญ่จะนับถือศาสนาคริสต์ ซึ่งรับมา
จากชาติตะวันตก จึงถือเป็นความเชื่อทางด้านศาสนาที่แตกต่งจากประเทศอื่น",,,,,,,,,
32,การก่อตั้งสมาคมประชาชาติแห่งเอเชียตะวันออกเฉียงใต้เกิดขึ้นภายหลังเหตุการณ์ใด,การสิ้นสุดของสงครามโลกครั้งที่1,การสิ้นสุดของสงครามโลกครั้งที่ 2,การล่มสลายของสหภาพโซเวียต,การสิ้นสุดสงครามเย็น,2," การสิ้นสุดของสงครามโลกครั้งที่ 2  เพราะการต่อตั้งสมาคมประชาชาติแห่งเอเชียตะวันออกเฉียงใต้ เกิดขึ้น
ในปี พ.ศ.  2510  โดยลงนามกันที่กรุงเทพมหานคร เรียกว่า ปฏิญญากรุงเทพ เป็นระยะเวลาสิ้นสงครามโลกครั้งที่ 2","ตอบ 2.  การสิ้นสุดของสงครามโลกครั้งที่ 2  เพราะการต่อตั้งสมาคมประชาชาติแห่งเอเชียตะวันออกเฉียงใต้ เกิดขึ้น
ในปี พ.ศ.  2510  โดยลงนามกันที่กรุงเทพมหานคร เรียกว่า ปฏิญญากรุงเทพ เป็นระยะเวลาสิ้นสงครามโลกครั้งที่ 2",,,,,,,,,
33,สมาคมประชาชาติแห่งเอเชียตะวันออกเฉียงใต้ได้พันาความร่วมมือทางด้านเศรษฐกิจต่อกันไปถึงขั้นใด,เขตการค้าเสรี,ตลาดร่วม,สหภาพเศรษฐกิจ,สหภาพศุลกากร,1,"เขตการค้าเสรี เพราะในปี พ.ศ. 2535 ประเทศมาชิกอาเซียนได้ตกลงร่วมกันจัดตั้งเขตการค้าเสรี เพื่อส่งเสริม
ทางด้านการค้าและการลงทุนของสมาชิกให้เพิ่มขึ้น  และลดอุปสรรทางการค้าระหว่างกันให้น้อยที่สุด","ตอบ 1. เขตการค้าเสรี เพราะในปี พ.ศ. 2535 ประเทศมาชิกอาเซียนได้ตกลงร่วมกันจัดตั้งเขตการค้าเสรี เพื่อส่งเสริม
ทางด้านการค้าและการลงทุนของสมาชิกให้เพิ่มขึ้น  และลดอุปสรรทางการค้าระหว่างกันให้น้อยที่สุด",,,,,,,,,
34,การแลกเปลี่ยนศิลปวัฒนธรรมระหว่างกันของสมาชิกอาเซียนเป็นความร่วมมือกันทางด้านใด,ทางด้านการศึกษา,ทางด้านวัฒนธรรม,3.ทางด้านศาสนา,ทางด้านศิลปกรรม,2,"  ทางด้านวัฒนธรรม เพราะถือเป็นความร่วมมือกันทางด้านวัฒนธรรมที่สมาชิกจะนำวัฒนธรรมที่ดีงาม
ของชาติตนไปเผยแพร่","ตอบ 2.   ทางด้านวัฒนธรรม เพราะถือเป็นความร่วมมือกันทางด้านวัฒนธรรมที่สมาชิกจะนำวัฒนธรรมที่ดีงาม
ของชาติตนไปเผยแพร่",,,,,,,,,
35,พระมหากษัตริย์พระองค์ใดที่ผู้สถาปนากรุงรัตนโกสินทร์ขึ้น,พระบาทสมเด็จพระพุทธเลิศหล้านภาลัย,พระบาทสมเด็จพระพุทธยอดฟ้าจุฬาโลก,พระบาทสมเด็จพระจอมเกล้าเจ้าอยู่หัว,พระบาทสมเด็จพระจุลจอมเกล้าเจ้าอยู่หัว,2,  พระบาทสมเด็จพระพุทธยอดฟ้าจุฬาโลก  เพราะพระองค์เป็นผู้สถาปนากรุงรันตโกสินทร์,ตอบ 2.   พระบาทสมเด็จพระพุทธยอดฟ้าจุฬาโลก  เพราะพระองค์เป็นผู้สถาปนากรุงรันตโกสินทร์,,,,,,,,,
36,ปัจจัยที่ส่งเสริมให้เศรษฐกิจของกรุงรัตนโกสินทร์มีความเจริญรุ่งเรืองมากที่สุดคือข้อใด,ปัจจัยในทางด้านทำเลที่ตั้ง,ปัจจัยทางด้านภูมิศาสตร์,ปัจจัยทางด้านภูมิความรู้,ปัจจัยทางด้านความสัมพันธ์กับต่างประเทศ,1," ปัจจัยในทางด้านทำเลที่ตั้ง เพราะที่ตั้งบนที่ราบลุ่มแม่น้ำมีความอุดมสมบูรณ์มีปริมาณน้ำเพียงพอต่อการ
อุปโภคบริโภค เป็นเมืองท่าทีสะดวกในการติดต่อค้าขายกับต่างประเทศ","ตอบ 1.  ปัจจัยในทางด้านทำเลที่ตั้ง เพราะที่ตั้งบนที่ราบลุ่มแม่น้ำมีความอุดมสมบูรณ์มีปริมาณน้ำเพียงพอต่อการ
อุปโภคบริโภค เป็นเมืองท่าทีสะดวกในการติดต่อค้าขายกับต่างประเทศ",,,,,,,,,
37,สังคมในสมัยรัตนโกสินทร์ตอนต้นไม่ได้กำหนดศักดินาให้แก่ชนชั้นใด,ชนชั้นเจ้านาย,ชนชั้นพระมหากษัตริย์,ชนชั้นพระสงฆ์,ชนชั้นไพร่,2, ชนชั้นพระมหากษัตริย์ เพราะถือว่าแผ่นดินทุกส่วนเป็นของพระองค์ท่าน ซึ่งจะพระราชทานให้แก่ใครก็ได้,ตอบ 2.  ชนชั้นพระมหากษัตริย์ เพราะถือว่าแผ่นดินทุกส่วนเป็นของพระองค์ท่าน ซึ่งจะพระราชทานให้แก่ใครก็ได้,,,,,,,,,
38,"""การจักตั้งเมืองทดลองประชาธิปไตย"" เป็นการพัฒนาทางการเมืองที่เกิดขึ้นในรัชสมัยพระมหากษัตริย์พระองค์ใดของกรุงรัตนโกสินทร์",รัชกาลที่ 5 ,รัชกาลที่ 6,รัชกาลที่ 7,รัชกาลที่ 8,2," รัชกาลที่ 6 เพราะเพื่อฝึกให้คนไทยมีความรู้ความเข้าใจในการปกครองระบอบประชาธิปไตย มากขึ้น
จึงทรงจัดตั้งเมืองทดลองประชาธิปไตยหรือดุสิตธานีขึ้นในปี พ.ศ. 2461","ตอบ 2.  รัชกาลที่ 6 เพราะเพื่อฝึกให้คนไทยมีความรู้ความเข้าใจในการปกครองระบอบประชาธิปไตย มากขึ้น
จึงทรงจัดตั้งเมืองทดลองประชาธิปไตยหรือดุสิตธานีขึ้นในปี พ.ศ. 2461",,,,,,,,,
39,ภูมิปัญญาไทยด้านสถาปัตยกรรมในสมัยรัตนโกสินทร์ตอนต้นเกี่ยวข้องกับเรื่องใดมากที่สุด,พระมหากษัตริย์,พระพุทธศาสนา,ศาสนาฮินดู,วิญญาณของบรรพบุรุษ,2," พระพุทธศาสนา  เพราะได้รับการถ่ายทองทางความคิดมาจากสมัยอยุธยา เป็นความคิดทีเกี่ยวข้องกับพระพุทธ-
ศาสนาอย่างใกล้ชิด เช่น การสร้างโบราณสถานและโบราณวัตถุทางพระพุทธศาสนา","ตอบ 2.  พระพุทธศาสนา  เพราะได้รับการถ่ายทองทางความคิดมาจากสมัยอยุธยา เป็นความคิดทีเกี่ยวข้องกับพระพุทธ-
ศาสนาอย่างใกล้ชิด เช่น การสร้างโบราณสถานและโบราณวัตถุทางพระพุทธศาสนา",,,,,,,,,
40,เหตุใดศิลปกรรมรัตนโกสินทร์สมัยปฏิรูปประเทศจึงรับอารยธรรมตะวันตกเข้ามาในการดำเนินชีวิตอย่างมาก,เป็นศิลปกรรมที่ทันสมัย,เป็นการปรับตัวเพื่อให้รอดพ้นจากภัยคุกคามจากชาติตะวันตก,พระมหากษัตริย์ชื่อชอบศิลปกรรมแบบตะวันตก,เป็นศิลปกรรมที่สะท้อนความเป็นจริงในชีวิต,2,"เป็นการปรับตัวเพื่อให้รอดพ้นจากภัยคุกคามจากชาติตะวันตก เพราะต้องการปรับตัวให้ทันกับการเปลี่ยนแปลง
ไม่ให้ชาติตะวันตกมาใช้เป็นข้ออ้างในการเข้ามายึดครองประเทศ เป็นเหตุการ์ในสมัยรัชกาลที่ 4-6 แห่งกรุงรัตนโกสินทร์","ตอบ 2. เป็นการปรับตัวเพื่อให้รอดพ้นจากภัยคุกคามจากชาติตะวันตก เพราะต้องการปรับตัวให้ทันกับการเปลี่ยนแปลง
ไม่ให้ชาติตะวันตกมาใช้เป็นข้ออ้างในการเข้ามายึดครองประเทศ เป็นเหตุการ์ในสมัยรัชกาลที่ 4-6 แห่งกรุงรัตนโกสินทร์",,,,,,,,,
41,รูปแบบทางด้านเศรษฐกิจของรัตนโกสินทร์ตอนต้น รัชกาลที่ 1 ยึดรูปแบบมาจากที่ใด,ชาติตะวันตก,อยุธยาตอนต้น,อยุธยาตอนปลาย,ประเทศจีน,3," อยุธยาตอนปลาย  เพราะเป็นรูปแบบการค้าแบบผูกขาดโดยพระคลังสินค้า เป็นเศรษฐกิจเพื่อยังชีพ 
ใช้เงินพดด้วงเป็นสื่อกลางในการค้าขาย และตลาดการค้าที่สำคัญ คือประเทศจีน","ตอบ 3.  อยุธยาตอนปลาย  เพราะเป็นรูปแบบการค้าแบบผูกขาดโดยพระคลังสินค้า เป็นเศรษฐกิจเพื่อยังชีพ 
ใช้เงินพดด้วงเป็นสื่อกลางในการค้าขาย และตลาดการค้าที่สำคัญ คือประเทศจีน",,,,,,,,,
42,"""แผนที่รัฐกิจ"" เป็นแผนที่แสดงลักษณะของสิ่งใด",เชิ้อชาติของประชาชน,เขตการปกครองของรัฐ,แสดงเศรษฐกิจด้านต่างๆ ของรัฐ,แสดงจำนวนประชากรภายในรัฐ,2,"เขตการปกครองของรัฐ เพราะเป็นแผนที่แสดงลักษณะเขตการเมืองและการปกครองของรัฐ  เช่น  แผนที่
การแบ่งเขตอำเภอ  เขตจังหวัด  เป็นต้น","ตอบ 2. เขตการปกครองของรัฐ เพราะเป็นแผนที่แสดงลักษณะเขตการเมืองและการปกครองของรัฐ  เช่น  แผนที่
การแบ่งเขตอำเภอ  เขตจังหวัด  เป็นต้น",,,,,,,,,
43,สิ่ใดงที่ไม่ใช่องค์ประกอบของแผนที่,ชื่อของแผนที่,ขอนระวางของแผนที่,ทิศทางของแผนที่,ขนาดของแผนที่,4," ขนาดของแผนที่ เพราะองค์ประกลอของแผนที่ประกอบด้วยชื่อของแผนที่ ขอบระวางของแผนที่ ทิศทางของ
แผนที่ มาตราส่วนของแผนที่ และคำอธิบายสัญลักษณ์ในแผนที่","ตอบ 4.  ขนาดของแผนที่ เพราะองค์ประกลอของแผนที่ประกอบด้วยชื่อของแผนที่ ขอบระวางของแผนที่ ทิศทางของ
แผนที่ มาตราส่วนของแผนที่ และคำอธิบายสัญลักษณ์ในแผนที่",,,,,,,,,
44,ปัญหาอุทกภัยที่เกิดจากอิทธิพลของลมมรสุมตะวันออกเฉียงเหนือส่งผลกระทบทำให้เกิดปัญหาน้ำท่วมในภาคใดมากที่สุด,ภาคตะวันออก,ภาคตะวันตก,ภาคใต้ฝั่งตะวันออก,ภาคใต้ฝั่งตะวันตก,3," ภาคใต้ฝั่งตะวันออก  เพราะเป็นลมหนาวที่พัดมาจากประเทศจีนในฤดูหนาว และเมื่อพัดลงสู่ทะเลจะนำฝน
ไปตกในเขตภาคใต้ฝั่งตะวันออกของไทย","ตอบ 3.  ภาคใต้ฝั่งตะวันออก  เพราะเป็นลมหนาวที่พัดมาจากประเทศจีนในฤดูหนาว และเมื่อพัดลงสู่ทะเลจะนำฝน
ไปตกในเขตภาคใต้ฝั่งตะวันออกของไทย",,,,,,,,,
45,อาชีพใดที่เหมาะสมกับลักษณะภูมิลักษณ์ของประเทศไทยมากที่สุด,อาชีพเกษตรกรรม,อาชีพอุตสาหกรรม,อาชีบริการ,อาชีพรับราชการ,1,"อาชีพเกษตรกรรม  เพราะภูมิลักษณ์ของประเทศไทยตั้งอยู่ในเขตร้อน ในฤดูฝนมีฝนตกชุก ทำให้มีน้ำเพียงพอ
ที่จะประกอบอาชีพเกษตรกรรม","ตอบ 1. อาชีพเกษตรกรรม  เพราะภูมิลักษณ์ของประเทศไทยตั้งอยู่ในเขตร้อน ในฤดูฝนมีฝนตกชุก ทำให้มีน้ำเพียงพอ
ที่จะประกอบอาชีพเกษตรกรรม",,,,,,,,,
46,"""การนับถือศาสนา"" จัดเป็นสิ่งแวดล้อมประเภทใด",สิ่งแวดล้อมที่มีความจำเป็น,สิ่งแวดล้อมประเภทสิ้นเปลือง,สิ่งแวดล้อมทางธรรมชาติ,สิ่งแวดล้อมทางสังคม,4,"สิ่งแวดล้อมทางสังคม เพราะศาสนาเป็นสิ่งที่เป็นนามธรรม สร้างขึ้นมาเพื่อให้เป็นที่พึ่งทางใจ 
ของมนุษย์ให้ทุกคนอยู่ร่วมกันในสังคมได้อย่างมีความสุข","ตอบ 4. สิ่งแวดล้อมทางสังคม เพราะศาสนาเป็นสิ่งที่เป็นนามธรรม สร้างขึ้นมาเพื่อให้เป็นที่พึ่งทางใจ 
ของมนุษย์ให้ทุกคนอยู่ร่วมกันในสังคมได้อย่างมีความสุข",,,,,,,,,
47,สภาพแวดล้อมทางธรรมชาติเป็นภูเขาสูงสลับซับซ้อนเป็นเขตอับฝน มีปริมาณฝนตกน้อย จัดเป็นสิ่งแวดล้อมของภาคใด,ภาคตะวันออก,ภาคตะวันตก,ภาคใต้ฝั่งตะวันออก,ภาคเหนือ,2," ภาคตะวันตก เพราะพื้นที่เป็นที่ราบสูงและภูเขาสลับซับซ้อน โดยภูเขาจะวางตัวกันตามแนวเหนือใต้
กั้นทิศทางลมมรสุมตะวันตกเฉียงใ ทำให้เป็นเขตเงาฝน มีปริมาณฝนน้อย","ตอบ 2.  ภาคตะวันตก เพราะพื้นที่เป็นที่ราบสูงและภูเขาสลับซับซ้อน โดยภูเขาจะวางตัวกันตามแนวเหนือใต้
กั้นทิศทางลมมรสุมตะวันตกเฉียงใ ทำให้เป็นเขตเงาฝน มีปริมาณฝนน้อย",,,,,,,,,
48,"""ภาวะเรือนกระจก"" เป็นภาวะที่อุณหภูมิของโลกเพิ่มสูงขึ้นอย่างรวดเร็ว ใครที่จะได้รับผลกระทบมากที่สุด",กรรมกรที่ทำงานกลางแจ้ง,เกษตรกรที่ทำงานในที่ไร่ที่นา,แรงงานในโรงงาน,ประชาชนทุกคน,4,"ประชาชนทุกคน เพราะเป็นภาวะที่อุณหภูมิของโลกสูงขึ้นเรื่อยๆ เป็นผลมาจากมลพิษต่างๆ ดังนั้นประชาชน
ทุกคนจะเป็นผู้ที่ได้รับผลกระทบจากภาวะเรือนกระจกมากที่สุด","ตอบ 4. ประชาชนทุกคน เพราะเป็นภาวะที่อุณหภูมิของโลกสูงขึ้นเรื่อยๆ เป็นผลมาจากมลพิษต่างๆ ดังนั้นประชาชน
ทุกคนจะเป็นผู้ที่ได้รับผลกระทบจากภาวะเรือนกระจกมากที่สุด",,,,,,,,,
49,ความต้องการในลักษณะใดของมนุษย์ที่ส่งผลทำให้เกิดการเปลี่ยนแปลงทางวัฒนธรรม,มีความต้องการที่จำกัด,มีความต้องการที่ไม่จำกัด,มีความต้องการสินค้าที่จำเป็นต่อการดำรงชีพเท่านั้น,มีความต้องการสินค้าฟุ่มเฟือยมากขึ้น,2," มีความต้องการที่ไม่จำกัด เพราะเป็นการเปลี่ยนแปลงทางด้านวิถีการดำเนินชีวิตของมนุษย์ อันเป็นผลจากการ
ที่มนุษย์มีความต้องการที่ไม่จำกัด ทำให้มีการคิดค้นสร้างสรรค์ และมีการประดิษฐ์เครื่องมือใช้เพื่ออำนวยความสะดวก
แก่การดำเนินชีวิต","ตอบ 2.  มีความต้องการที่ไม่จำกัด เพราะเป็นการเปลี่ยนแปลงทางด้านวิถีการดำเนินชีวิตของมนุษย์ อันเป็นผลจากการ
ที่มนุษย์มีความต้องการที่ไม่จำกัด ทำให้มีการคิดค้นสร้างสรรค์ และมีการประดิษฐ์เครื่องมือใช้เพื่ออำนวยความสะดวก
แก่การดำเนินชีวิต",,,,,,,,,
50,การอนุรักษ์ทรัพยากรในชุมชนจะประสบผลสำเร็จหากได้รับความร่วมมือจากใคร,หน่วยงานของทางราชการ,นักการเมืองในท้องถิ่น,ประชาชนในท้องถิ่น,องค์กรบริหารส่วนท้องถิ่น,3," ประชาชนในท้องถิ่น เพราะการอนุรักษ์ทรัพยากรในชุมชนจะประสบผลสำเร็จได้ต้องได้รับความร่วมมือ
จากประชาชนในท้องถิ่น ดดยมีการสร้างจิตสำนึกทางด้านสิ่งแวดล้อมให้แก่ประชาชนในท้องถิ่น ให้เกิดความรู้สึก
เป็นเจ้าของทรัพยกรร่วมกันทุกคน","ตอบ 3.  ประชาชนในท้องถิ่น เพราะการอนุรักษ์ทรัพยากรในชุมชนจะประสบผลสำเร็จได้ต้องได้รับความร่วมมือ
จากประชาชนในท้องถิ่น ดดยมีการสร้างจิตสำนึกทางด้านสิ่งแวดล้อมให้แก่ประชาชนในท้องถิ่น ให้เกิดความรู้สึก
เป็นเจ้าของทรัพยกรร่วมกันทุกคน",,,,,,,,,
51,การที่บุคคลมีสติในการถาม เป็นลักษณะที่ถูกต้องในข้อใด,การถามในเรื่องทั่วไป,การถามในเรื่องส่วนตัว,การถามข้อที่สงสัย,การรู้ว่ากำลังถามเรื่องใด,4,"การรู้ว่ากำลังถามเรื่องใด  เพราะเมื่อไม่เข้าใจในสิ่งใดก็ตามให้ถามเรื่องนั้น โดยในการถามต้องมีสติรู้ว่ากำลงถาม
ในเรื่องใดอยู่","ตอบ 4. การรู้ว่ากำลังถามเรื่องใด  เพราะเมื่อไม่เข้าใจในสิ่งใดก็ตามให้ถามเรื่องนั้น โดยในการถามต้องมีสติรู้ว่ากำลงถาม
ในเรื่องใดอยู่",,,,,,,,,
52,ประโยชน์ที่ได้รับจากการฝึกบริหารจิตและการเจริญปัญญาข้อใดถูกต้อง,มีตำแหน่งการงานที่สูงขึ้น,มีผู้นิยมนับถือมากขึ้น,มีฐานะทางเศรษฐกิจที่ดีขึ้น,มีสุขภาพจิตที่ดีขึ้น,4," มีสุขภาพจิตที่ดีขึ้น เพราะประโยชน์ของการบริหารจิตและเจริญปัญญาทำให้สุขจิตของเราดีขึ้น เป็นจิตที่มีความ
สงบ ผ่อนคลาย มีสมาธิ สามารถแก้ปัญหาต่างๆ ที่เกิดขึ้นในชีวิตประจำวันได้อย่างรอบคอบ","ตอบ 4.  มีสุขภาพจิตที่ดีขึ้น เพราะประโยชน์ของการบริหารจิตและเจริญปัญญาทำให้สุขจิตของเราดีขึ้น เป็นจิตที่มีความ
สงบ ผ่อนคลาย มีสมาธิ สามารถแก้ปัญหาต่างๆ ที่เกิดขึ้นในชีวิตประจำวันได้อย่างรอบคอบ",,,,,,,,,
53,"ในหลักคำสอนเรื่อง ""การไม่ทำชั่วทั้งปวง"" เกี่ยวกับหลักธรรมในข้อใด",ขันติ-โสรัจจะ,กตัญญู-กตเวที,โอวาท 3 ,เบญจศีล-เบญจธรรม,3," โอวาท 3 เพราะเป็นการสอนเรื่องการไม่ทำบาปทั้งปวง เช่น การไม่ทำบาปทั้งปวงการทำกุศลให้ถึงพร้อม และ
การทำจิตใจตนให้ผ่องใส","ตอบ 3.  โอวาท 3 เพราะเป็นการสอนเรื่องการไม่ทำบาปทั้งปวง เช่น การไม่ทำบาปทั้งปวงการทำกุศลให้ถึงพร้อม และ
การทำจิตใจตนให้ผ่องใส",,,,,,,,,
54,ในการทำละหมาดของชาวมุสลิมที่นับถือศาสนาอิสลามนั้นมีจุดมุ่งหมายสำคัญในข้อใด,แสดงถึงความศรัทธาในศาสนา,แสดงถึงความเคารพต่อพระศาสดา,แสดงความเคารพต่อพระเจ้า,แสดงถึงความสามัคคีของชาวมุสลิม,3," แสดถึงความเคารพต่อพระเจ้า เพราะการละหมาดของชาวมุสลิมต้องปฏิบัติวันละ 5 เวลา คือ เวลาย่ำรุ่ง 
กลางวัน เย็น พลบค่ำ และเวลากลางคืน อันมีจุดมุ่งหมายเพื่อเป็นการแสงดความเคารพต่อพระเจ้า","ตอบ 3.  แสดถึงความเคารพต่อพระเจ้า เพราะการละหมาดของชาวมุสลิมต้องปฏิบัติวันละ 5 เวลา คือ เวลาย่ำรุ่ง 
กลางวัน เย็น พลบค่ำ และเวลากลางคืน อันมีจุดมุ่งหมายเพื่อเป็นการแสงดความเคารพต่อพระเจ้า",,,,,,,,,
55,คัมภีร์ในศาสนาอิสลามมีชื่อว่าอย่างไร,พระเวท,พระไตรปิฏก,ไบเบิล,อัลกุรอาน,4," อัลกุรอาน  เพราะเป็นคัมภีร์สุดท้ายที่สมบูรณืที่สุดที่พระเจ้าได้ประทานลงนามแก่มนุษย์ผ่านทางศาสดา
นบีมูฮัมหมัด","ตอบ 4.  อัลกุรอาน  เพราะเป็นคัมภีร์สุดท้ายที่สมบูรณืที่สุดที่พระเจ้าได้ประทานลงนามแก่มนุษย์ผ่านทางศาสดา
นบีมูฮัมหมัด",,,,,,,,,
56,ในการทำบุญในงานมงคลนั้น เจ้าภาพจะต้องไม่จัดเตรียมสิ่งใด,นิมนต์พระสงฆ์,ดอกไม้,ธูปเทียน,สายสิญจน์,4," สายสิญจน์  เพราะการทำบุญในงานมงคลจะตอ้งจัดเตรียมธูป เทียน ดอกไม้ และนิมนต์พระสงฆ์
เป็นจำนวนคู่ โดยไม่ต้องจัดเตรียมสายสิญจน์","ตอบ 4.  สายสิญจน์  เพราะการทำบุญในงานมงคลจะตอ้งจัดเตรียมธูป เทียน ดอกไม้ และนิมนต์พระสงฆ์
เป็นจำนวนคู่ โดยไม่ต้องจัดเตรียมสายสิญจน์",,,,,,,,,
57,ในการแสดงความเคารพนอบน้อมต่อพระรัตนตรัยสามารถทำได้โดยวิธีใด,การตั้งโต๊ะหมู่บูชา,การทำความสะอาดบริเวณวัด,การสวดมนต์ไหว้พระ,การถวายปัจจัยแด่พระสงฆ์,3,"การสวดมนต์ไหว้พระ เพราะการแสดงความเคารพนอบน้อมต่อพระรัตนตรัยสามารถทำได้โดยการ
สวดมนต์ไหว้พระและทำจิตใจให้สะอาดบริสุทธิ์","ตอบ 3. การสวดมนต์ไหว้พระ เพราะการแสดงความเคารพนอบน้อมต่อพระรัตนตรัยสามารถทำได้โดยการ
สวดมนต์ไหว้พระและทำจิตใจให้สะอาดบริสุทธิ์",,,,,,,,,
58,"""มะยัง ภันเต วิสุง วิสุง รักขะนัตถายะ"" เป็นคำอาราธนาใด",อาราธนาพระปริตร,อาราธนาศีล,อาราธนาธรรม,อาราธนาพระรัตนตรัย,2," อาราธนาศีล  เพราะเป็นการขอศีลแก่พระสงฆ์ โดยกล่าวคำอาราะนาขั้นต้นด้วย ""มะยัง ภันเต วิสุง วิสุง
รักขนัตถายะ""","ตอบ 2.  อาราธนาศีล  เพราะเป็นการขอศีลแก่พระสงฆ์ โดยกล่าวคำอาราะนาขั้นต้นด้วย ""มะยัง ภันเต วิสุง วิสุง
รักขนัตถายะ""",,,,,,,,,
59,ในการแสดงตนเป็นพุทธมามกะ จะต้องไปประกอบพิธีที่ใด,ที่โรงเรียน,ที่วัด,สถานที่ใดก็ได้ แล้วแต่สะดวก,ที่บ้านของนักเรียน,2,"  ที่วัด  เพราะการประกอบพิธีแสดงการเป็นพุทธมามกะจะต้องไปประกอบที่โบสถ์ภายในวัดเพื่อให้เกิด
ความศักดิ์สิทธิ์และเป็นสิริมงคลแก่ผู้ปฎิบัติ","ตอบ 2.   ที่วัด  เพราะการประกอบพิธีแสดงการเป็นพุทธมามกะจะต้องไปประกอบที่โบสถ์ภายในวัดเพื่อให้เกิด
ความศักดิ์สิทธิ์และเป็นสิริมงคลแก่ผู้ปฎิบัติ",,,,,,,,,
60,ในพิธีทอดผ้าป่า เป็นการนำจีวรไปถวายแด่พระสงฆ์ในลักษณะใด,ถวายโดยเจาะจงผู้รับ,ถวายพระสงฆ์ทุกรูป,ถวายโดยไม่เจาะจงผู้รับ,ถวายพระสงฆ์ที่มีพรรษามากที่สุด,3," ถวายโดยไม่เจาะจงผู้รับ เพราะพิธีทอดผ้าป่า คือืการนจีวรให้พระสงฆโดยไม่เจาะจงแก่พระรูปใด เป็น
พิธีที่สามารถทำได้ตลอดปี","ตอบ 3.  ถวายโดยไม่เจาะจงผู้รับ เพราะพิธีทอดผ้าป่า คือืการนจีวรให้พระสงฆโดยไม่เจาะจงแก่พระรูปใด เป็น
พิธีที่สามารถทำได้ตลอดปี",,,,,,,,,
61,คริสต์ศาสนิกชนทุกคนจะต้องผ่านิธีกรรมแรก คือพิธีใด,ศีลบวช,ศีลแก้บาป,ศีลกำลัง,ศีลล้างบาป,4,"ศีลล้างบาป  เพราะพิธีกรรมแรกก่อนที่จะเข้าเป็นคริสต์ศาสนิกชนจะต้องผ่านพิธีศีลล้างบาปหรือศีลจุ่มเพื่อ
เป็นการล้างบาปและมลทินต่างๆ","ตอบ 4. ศีลล้างบาป  เพราะพิธีกรรมแรกก่อนที่จะเข้าเป็นคริสต์ศาสนิกชนจะต้องผ่านพิธีศีลล้างบาปหรือศีลจุ่มเพื่อ
เป็นการล้างบาปและมลทินต่างๆ",,,,,,,,,
62,ข้อใดไม่จัดเป็นป้ายจราจรตามกฏหมายจราจรทางบก,ป้ายเชิญชวน,ป้ายบังคับ,ป้ายแนะนำ,ป้ายเตือน,1, ป้ายเชิญชวน,ตอบ 1.  ป้ายเชิญชวน,,,,,,,,,
63,เมื่อมีเหตุการณ์คนตายภายในบ้าน เจ้าของบ้านจะต้องปฏิบัติอย่างไร,แจ้งต่อผู้นำชุมชนภายใน 24 ชั่วโมง,แจ้งที่อำเภอหรือเขตภายใน 24 ชั่วโมง,แจ้งต่อผู้ใหญ่บ้านภายใน 24 ชั่วโมง,แจ้งต่อเจ้าหน้าที่ตำรวจภายใน 24 ชั่วโมง,2," แจ้งที่อำเภอหรือเขตภายใน  24  ชั่วโมง  เพราะกฏหมายกำหนดให้เจ้าบ้านต้องแจ้งต่อนายทะเบียนที่
อำเภอหรือเขตที่บ้านตั้งอยู่ภายใน  24 ชั่วโมง","ตอบ 2.  แจ้งที่อำเภอหรือเขตภายใน  24  ชั่วโมง  เพราะกฏหมายกำหนดให้เจ้าบ้านต้องแจ้งต่อนายทะเบียนที่
อำเภอหรือเขตที่บ้านตั้งอยู่ภายใน  24 ชั่วโมง",,,,,,,,,
64,ในวันสำคัญทางพระพุทธศาสนา พิธีกรรมใดที่ไม่มีการเวียนเทียนรอบพระอุโบสถในช่วงค่ำ,วันอัฎฐมีบูชา,วันอาสาฬหบูชา,วันมาฆบูชา,วันวิสาขบูชา,1," อัฏฐมีบูชา  เพราะเป็นวันถวายพระเพลิงพระพุทธสรีระของพระพุทธเจ้า ซึ่งในตอนเช้าชาวพุทธนิยม
ทำบุญตักบาตร ฟังเทศน์ ฟังธรรม รักษาศีล ไม่มีการเวียนเทียน","ตอบ 1.  อัฏฐมีบูชา  เพราะเป็นวันถวายพระเพลิงพระพุทธสรีระของพระพุทธเจ้า ซึ่งในตอนเช้าชาวพุทธนิยม
ทำบุญตักบาตร ฟังเทศน์ ฟังธรรม รักษาศีล ไม่มีการเวียนเทียน",,,,,,,,,
65,บุคคลใดปฏิบัติตนเป็นผู้อนุรักษ์วัฒนธรรมในท้องถิ่นของตนได้เหมาะสมมากที่สุด, สมหญิงฝึกรำไทย,สมใจฝึกร้องเพลงทุกวัน,สมทรงขับรถยนต์คันงามไปทำบุญ,สมศรีรับประทานสลัดทุกวัน,1," สมหญิงฝึกรำไทย เพราะเป็นการสืบต่อวัฒนธรรมทางด้านการแสดงของไทยที่มีมาตั้งแต่โบราณให้คงอยู่
กับสังคมไทยต่อไป","ตอบ 1.  สมหญิงฝึกรำไทย เพราะเป็นการสืบต่อวัฒนธรรมทางด้านการแสดงของไทยที่มีมาตั้งแต่โบราณให้คงอยู่
กับสังคมไทยต่อไป",,,,,,,,,
66,วัฒนธรรมไทยได้รับอิทธิพลมาจากความเชื่อทางศาสนาใด,ศาสนาพุทธ,ศาสนาคริสต์,ศาสนาอิสลาม,ศาสนาซิกข์,1," ศาสนาพุทธ  เพราะจากอดีตมาจนถึงปัจจุบัน  วัฒนธรรมไทยได้รับอิทธิพบมากจากความเชื่อของศาสนาพุทธ
มากที่สุด ซึ่งเป็นความเชื่อที่ได้รับมาจากอินเดียตั้งแต่สมัยพระเจ้าอโศกมหาราช","ตอบ 1.  ศาสนาพุทธ  เพราะจากอดีตมาจนถึงปัจจุบัน  วัฒนธรรมไทยได้รับอิทธิพบมากจากความเชื่อของศาสนาพุทธ
มากที่สุด ซึ่งเป็นความเชื่อที่ได้รับมาจากอินเดียตั้งแต่สมัยพระเจ้าอโศกมหาราช",,,,,,,,,
67,วัฒนธรรมไทยที่ได้รับแบบอย่างมาจากประเทศจีนได้แก่ด้านใด,ด้านกฏหมาย,ด้านการนับถือศาสนา,ด้านการค้า,ด้านการเมืองการปกครอง,3," ด้านการค้า  เพราะในสมัยโบราณวัฒนธรรมที่ไทยได้รับแบบอย่างมาจากประเทศจีนส่วนใหญ่เป็นวัฒนธรรม
ทางด้านการค้า  เช่น  การเดินเรือ  การค้าแบบรัฐบรรณาการ","ตอบ 3.  ด้านการค้า  เพราะในสมัยโบราณวัฒนธรรมที่ไทยได้รับแบบอย่างมาจากประเทศจีนส่วนใหญ่เป็นวัฒนธรรม
ทางด้านการค้า  เช่น  การเดินเรือ  การค้าแบบรัฐบรรณาการ",,,,,,,,,
68,การทอดผ้าป่า สามารถทำได้ในช่วงเวลาใด,เข้าพรรษา,ก่อนเข้าพรรษา,หลังออกพรรษา,สามารถทำได้ตลอดปี,4," สามารถทำได้ตลอดปี  เพราะการนำผ้าจีวรไปให้พระสงฆ์รับไปโดยไม่มีการเจาะจงรูปใดรูปหนึ่ง เป็นพิธี
กรรมที่สามารถทำได้ตลอดปี ได้กุศลแรง","ตอบ 4   สามารถทำได้ตลอดปี  เพราะการนำผ้าจีวรไปให้พระสงฆ์รับไปโดยไม่มีการเจาะจงรูปใดรูปหนึ่ง เป็นพิธี
กรรมที่สามารถทำได้ตลอดปี ได้กุศลแรง",,,,,,,,,
69,มารยาทในการแสดงความเคารพด้วยการกราบ ตรงกับข้อใด,วันทา,อภิวาท,อัญชลี,นอบน้อม,2,อภิวาท  เพราะมารยาทในการกราบ  เรียกว่า  อภิวาท  โดยการกราพระจะกราบ  3  ครั้ง,ตอบ 2  อภิวาท  เพราะมารยาทในการกราบ  เรียกว่า  อภิวาท  โดยการกราพระจะกราบ  3  ครั้ง,,,,,,,,,
70,มารยาทในการยืนเพื่อแสดงความเคารพผู้ใหญ่มีลักษณะอย่างไร,การยืนตรงด้านข้างๆ ผู้ใหญ่,การยืนตรงด้านหน้าผู้ใหญ่,การยืนตรงด้านหลังของผู้ใหญ่,การยืนเฉียงด้านด้านหนึ่งของผู้ใหญ่,4," การยืนตรงเฉียงด้านใดด้านหนึ่งของผู้ใหญ่  เพราะการแสดงความเคารพผู้ใหญ่ไม่ควรยืนต่อหน้าผู้ใหญ่
ควรยืนเฉียงไปด้านใดด้านหนึ่งโดยการยืนตรงเท้าชิด มือประสานกันระดับเอว อยู่ห่างจากผู้ใหญ่พอสมควร","ตอบ 4.  การยืนตรงเฉียงด้านใดด้านหนึ่งของผู้ใหญ่  เพราะการแสดงความเคารพผู้ใหญ่ไม่ควรยืนต่อหน้าผู้ใหญ่
ควรยืนเฉียงไปด้านใดด้านหนึ่งโดยการยืนตรงเท้าชิด มือประสานกันระดับเอว อยู่ห่างจากผู้ใหญ่พอสมควร",,,,,,,,,
71,ตามกฏหมายทะเบียนราษฏร์ เมื่อมีคนเกิดในบ้าน เจ้าของบ้านจะต้องแจ้งเกิดภายในระยะเวลาเท่าใด,ระยะเวลา 15 วัน,ระยะเวลา 10 วัน,ระยะเวลา 7 วัน,ระยะเวลา 12 วัน,1,"ระยะเวลา  15 วัน  เพราะเมื่อมีคนเกิดในบ้าน  เจ้าบ้านจะต้องแจ้งต่อนายทะเบียนภายในระยะเวลา  15 วัน
โดยสามารถแจ้งได้ที่ว่าการอำเภอหรือที่ว่าการจังหวัดหรือสำนักงานเขตต่างๆ ซึ่งเป็นท้องที่ที่เด็กเกิด","ตอบ 1  ระยะเวลา  15 วัน  เพราะเมื่อมีคนเกิดในบ้าน  เจ้าบ้านจะต้องแจ้งต่อนายทะเบียนภายในระยะเวลา  15 วัน
โดยสามารถแจ้งได้ที่ว่าการอำเภอหรือที่ว่าการจังหวัดหรือสำนักงานเขตต่างๆ ซึ่งเป็นท้องที่ที่เด็กเกิด",,,,,,,,,
72,การนั่งเตรียมเพื่อกราบแบบเบญจางคประดิษฐ์ ใครที่ต้องนั่งแบบเทพบุตร,ผู้หญิง,เด็กนักเรียน,ทั้งผู้ชายและผู้หญิง,ผู้ชาย,4, ผู้ชาย  เพราะผู้ชายจะนั่งแบบเทพบุตรที่เป็นการนั่งบนส้นเท้าทั้งสองข้าง,ตอบ 4.  ผู้ชาย  เพราะผู้ชายจะนั่งแบบเทพบุตรที่เป็นการนั่งบนส้นเท้าทั้งสองข้าง,,,,,,,,,
73,มารยาทในการแสดงกิริยาอาการที่เหมาะสม มีลักษณะอย่างใด,วางตัวตามสบาย,วางตัวอย่างเป็นทางการ,วางตัวสุภาพเรียบร้อย,การวางตัวเป็นกันเอง,3," วางตัวสุภาพเรียบร้อย  เพราะมารยาทที่แสดงกิริยาอาการเป็นมารยาทที่แสดงออกทางกายจะต้องวางตัวที่
สุภาพเรียบร้อยเหมาะสมกับสถานที่และบุคคล","ตอบ 3.  วางตัวสุภาพเรียบร้อย  เพราะมารยาทที่แสดงกิริยาอาการเป็นมารยาทที่แสดงออกทางกายจะต้องวางตัวที่
สุภาพเรียบร้อยเหมาะสมกับสถานที่และบุคคล",,,,,,,,,
74,สิ่งที่มีอิทธิพลต่อวัฒนธรรมไทยมากที่สุด,ลักษณะทางด้านเชื้อชาติ,ภูมิอากาศ,ลักษณะทางภูมิศาสตร์,พิกัดหรือตำแหน่งที่ตั้ง,3, ลักษณะทางภูมิศาสตร์  เพราะวัฒนธรรมเป็นการปรับตัวของมนุษย์เพื่อให้เหมาะสมกับสภาพแวดล้อมมากที่สุด,ตอบ 3.  ลักษณะทางภูมิศาสตร์  เพราะวัฒนธรรมเป็นการปรับตัวของมนุษย์เพื่อให้เหมาะสมกับสภาพแวดล้อมมากที่สุด,,,,,,,,,
75,กฏหมายยาเสพติดให้โทษ บุคคลที่จะต้องรับโทษหนักคือข้อใด,ผู้โฆษณาเพื่อการค้า,ผู้เสพ,ผู้จำหน่ายหรือมีไว้ครอบครอง,ผู้ผลิต นำเข้า และส่งออก,4," ผู้ผลิต นำเข้า และส่งออก เพราะผู้ผลิต นำเข้า และส่งออก ซึ่งยาเสพติดประเภทที่ 1 มีความผิดร้ายแรงที่สุด
ถึงประหารชีวิต","ตอบ 4.  ผู้ผลิต นำเข้า และส่งออก เพราะผู้ผลิต นำเข้า และส่งออก ซึ่งยาเสพติดประเภทที่ 1 มีความผิดร้ายแรงที่สุด
ถึงประหารชีวิต",,,,,,,,,
76,การบริหารราชการส่วนท้องถิ่นของประเทศไทยมีกี่รูปแบบ,มี 6 รูปแบบ,มี 3 รูปแบบ,มี 4 รูปแบบ,มี 5 รูปแบบ,4," มี 5 รูปแบบ เพราะรูปแบบการจัดการบริหารส่วนท้องถิ่นของไทยปัจจุบันมี 5 รูปแบบคือ  องค์การบริหารส่วน-
ตำบล  องค์การบริหารส่วนจังหวัด เทศบาล พัทยา กรุงเทพมหานคร","ตอบ 4.  มี 5 รูปแบบ เพราะรูปแบบการจัดการบริหารส่วนท้องถิ่นของไทยปัจจุบันมี 5 รูปแบบคือ  องค์การบริหารส่วน-
ตำบล  องค์การบริหารส่วนจังหวัด เทศบาล พัทยา กรุงเทพมหานคร",,,,,,,,,
77,การพัฒนาพื้นที่ในเขตจังหวัดให้มีความเจริญรุ่งเรืองจะต้องเป็นหน้าที่ของหน่วยงานใด,ผู้ว่าราชการจังหวัด,องค์การบริหารส่วนจังหวัด,กระทรวงการคลัง,กระทรวงพัฒนาสังคมและความมั่นคงของมนุษย์,2," องค์การบริหารส่วนจังหวัด เพราะเป็นบทบาทหน้าที่ขององค์การบริหารส่วนจังหวัดที่ต้องพัฒนาพื้นที่ในเขต
ให้มีความเจริญรุ่งเรือง รวมถึงการพัฒนาคุณภาพของประชาชนในจังหวัด","ตอบ 2.  องค์การบริหารส่วนจังหวัด เพราะเป็นบทบาทหน้าที่ขององค์การบริหารส่วนจังหวัดที่ต้องพัฒนาพื้นที่ในเขต
ให้มีความเจริญรุ่งเรือง รวมถึงการพัฒนาคุณภาพของประชาชนในจังหวัด",,,,,,,,,
78,ก่อนออกไปใช้สิทธิในการเลือกตั้งทุกครั้ง ขั้นตอนแรกที่ประชาชนควรปฏิบัติคือข้อใด,การไปสำรวจหน่วยเลือกตั้ง,การตรวจสอบรายชื่อหน้าหน่วยเลือกตั้ง,การตรวจสอบรายชื่อลุณสมบัติผู้สมัคร,การตรวจสอบรายชื่อในทะเบียนบ้าน,2," การตรวจสอบรายชื่อหน้าหน่วยเลือกตั้ง เพราะให้รู้ว่าเรามีชื่อหรือไม่ ถ้าหากไม่มีก็แจ้งชื่อเพิ่มเติม
ที่เจ้าหน้าที่เขตหรืออำเภอ","ตอบ 2.  การตรวจสอบรายชื่อหน้าหน่วยเลือกตั้ง เพราะให้รู้ว่าเรามีชื่อหรือไม่ ถ้าหากไม่มีก็แจ้งชื่อเพิ่มเติม
ที่เจ้าหน้าที่เขตหรืออำเภอ",,,,,,,,,
79,การปกครองในระบอบประชาธิปไตย ใครเป็นผู้มีสิทธิเลือกตั้ง,ผู้วิกลจริต,ผู้ที่มีอายุ 18 ปีบริบูรณ์,พระภิกษุ สามเณร,ผู้ที่ทำผิดกฏหมาย,2," ผู้มีอายุ  18 ปีบริบูรณ์ขึ้นไป เพราะกฏหมายเลือกตั้งบัญญัติให้ผู้ที่มีสิทธ์เลือกตั้งเป็นคนไทยอายะ  18  ปี บริบูรณ์
 ขึ้นไป มีชื่ออยู่ในทะเบียนบ้านในเขตเลือกตั้งไม่น้อยกว่า 90 วัน และไม่เป็นบุคคลต้องห้าม","ตอบ 2.  ผู้มีอายุ  18 ปีบริบูรณ์ขึ้นไป เพราะกฏหมายเลือกตั้งบัญญัติให้ผู้ที่มีสิทธ์เลือกตั้งเป็นคนไทยอายะ  18  ปี บริบูรณ์
 ขึ้นไป มีชื่ออยู่ในทะเบียนบ้านในเขตเลือกตั้งไม่น้อยกว่า 90 วัน และไม่เป็นบุคคลต้องห้าม",,,,,,,,,
80,มารยาทไทยนั้นมีความสำคัญกับใครมากที่สุด,ครู,ประชาชนชาวไทยทุกคน,นักเรียน,ทหาร ตำรวจ,2,"ประชาชนชาวไทยทุกคน เพราะเป็นการแสดงกิริยาทั้งกายและวาจาต่อผู้อื่นอย่างสุภาพเหมาะสม ทำให้ได้รับ
การยกย่องจากทั่วโลก เป็นสิ่งที่มีความสำคัญต่อประชาชนคนไทยทุกคนที่จะต้องสืบทอดไว้","ตอบ 2. ประชาชนชาวไทยทุกคน เพราะเป็นการแสดงกิริยาทั้งกายและวาจาต่อผู้อื่นอย่างสุภาพเหมาะสม ทำให้ได้รับ
การยกย่องจากทั่วโลก เป็นสิ่งที่มีความสำคัญต่อประชาชนคนไทยทุกคนที่จะต้องสืบทอดไว้",,,,,,,,,
81,การผลิตสินค้าที่เป็นมิตรต่อสิ่งแวดล้อมมีลักษณะสำคัญอย่างใด,การผลิตสินค้าที่ทำให้เกิดเสียงดัง,การผลิตสินค้าที่ทำให้เกิดน้ำเน่าเสีย,การผลิตสินค้าที่ปล่อยควันพิษขึ้นสู่อากาศ,การผลิตสินค้าที่ไม่ก่อให้เกิดมลพิษ,4," การผลิตสินค้าที่ไม่ก่อให้เกิดมลพิษ  เพราะการผลิตสินค้าที่เป็นมิตรต่อสิ่งแวดล้อม เป็นลักษณะการผลิตสินค้า
ที่ไม่ก่อให้เกิดมลพิษในสภาพแวดล้อม เช่น  ไม่มีควันพิษ ไม่มีเสียงดังจนเกินไป หรือไม่ปล่อยน้ำเสียลงสู่แม่น้ำลำธาร 
เป็นต้น","ตอบ 4.  การผลิตสินค้าที่ไม่ก่อให้เกิดมลพิษ  เพราะการผลิตสินค้าที่เป็นมิตรต่อสิ่งแวดล้อม เป็นลักษณะการผลิตสินค้า
ที่ไม่ก่อให้เกิดมลพิษในสภาพแวดล้อม เช่น  ไม่มีควันพิษ ไม่มีเสียงดังจนเกินไป หรือไม่ปล่อยน้ำเสียลงสู่แม่น้ำลำธาร 
เป็นต้น",,,,,,,,,
82,การอนุรักษ์ทรัพยากรธรรมชาติให้คงอยู่นานที่สุดของผู้ผลิตคือวิธีใด,การใช้ทรัพยากรธรรมชาติให้มีประสิทธิภาพสูงสุด,การใช้ทรัพยากรธรรมชาติให้มีประสิทธิภาพน้อยที่สุด,การสร้างจิตสำนึกเรื่องการใช้ทรัพยากรธรรมชาติแก่ประชาชน,การใช้ทรัพยากรธรรมชาติที่หาได้ในท้องถิ่น,3," การสร้างจิตสำนึกเรื่องการใช้ทรัพยากรธรรมชาติแก่ประชาชน เพราะการอนุรักษ์ทรัพยากระรรมชาติให้ยั่งยืน  
สามารถทำได้โดยการสร้างจิตสำนึกเรื่องการอนุรักษ์ทรัพยากรธรรมชาติให้แก่ประชาชน  โดยเมื่อประชาชนมีความรู้
ความเข้าใจในคุณค่าของทรัพยากรธรรมชาติแล้วก็จะเกิดความหวงแหน ช่วยกันรักษาดูแล ซึ่งเป็นวิธีการที่ยั่งยืนมากที่สุด","ตอบ 3.  การสร้างจิตสำนึกเรื่องการใช้ทรัพยากรธรรมชาติแก่ประชาชน เพราะการอนุรักษ์ทรัพยากระรรมชาติให้ยั่งยืน  
สามารถทำได้โดยการสร้างจิตสำนึกเรื่องการอนุรักษ์ทรัพยากรธรรมชาติให้แก่ประชาชน  โดยเมื่อประชาชนมีความรู้
ความเข้าใจในคุณค่าของทรัพยากรธรรมชาติแล้วก็จะเกิดความหวงแหน ช่วยกันรักษาดูแล ซึ่งเป็นวิธีการที่ยั่งยืนมากที่สุด",,,,,,,,,
83,ทรัพยากรมีความสำคัญต่อการดำรงชีวิตของมนุษย์ในด้านใดมากที่สุด,เป็นปัจจัยพื้นฐานในการดำรงชีวิตของมนุษย์,เป็นสถานที่สำหรับพักผ่อนหย่อนใจของมนุษย์,เป็นแหล่งกำเนิดเกี่ยวกับความเชื่อของมนุษย์,เป็นที่อยู่ของเทพยดาต่างๆ,1," เป็นปัจจัยพื้นฐานในการดำรงชีวิตของมนุษย์  เพราะในการดำเนินชีวิตประจำวันของมนุษย์ต้องพึ่งพา
ทรัพยากรเป็นอย่างมาก เนื่องจากเป็นวัตถุดิบที่สำคัญที่นำไปใช้ในการผลิตสินค้าและบริการ เพื่อให้ในการอุปโภค
ของประชาชน","ตอบ 1.  เป็นปัจจัยพื้นฐานในการดำรงชีวิตของมนุษย์  เพราะในการดำเนินชีวิตประจำวันของมนุษย์ต้องพึ่งพา
ทรัพยากรเป็นอย่างมาก เนื่องจากเป็นวัตถุดิบที่สำคัญที่นำไปใช้ในการผลิตสินค้าและบริการ เพื่อให้ในการอุปโภค
ของประชาชน",,,,,,,,,
84,การใช้ทรัพยากรให้มีประสิทธิภาพสูงสุดสามารถทำได้โดยวิธีใด,ดคิดค้นวิจัยหาความรู้เกี่ยวกับทรัพยากร,ใช้ทรัพยากรเท่าที่มีอยู่,เสาะแสวงหาแหล่งทรัพยากรเพื่อนำมาใช้ทดแทน,การใช้ทรัพยากรให้น้อยลงโยลดการผลิตสินค้าและบริการลง,1,"คิดค้นวิจัยหาความรู้เกี่ยวกับทรัพยากร เพริธีการในการใช้ทรัพยากรให้มีประสิทธิภาพสูงสุดจะต้องมีการคิดค้น
วิจัย  ศึกษาหาความรู้ เพื่อหาวิธีการใช้ทรัพยากรในการผลิตสินค้าและบริการให้มีประสิทธิภาพ ลดการสิ้นเปลือง
ทรัพยากรลง","ตอบ 1. คิดค้นวิจัยหาความรู้เกี่ยวกับทรัพยากร เพริธีการในการใช้ทรัพยากรให้มีประสิทธิภาพสูงสุดจะต้องมีการคิดค้น
วิจัย  ศึกษาหาความรู้ เพื่อหาวิธีการใช้ทรัพยากรในการผลิตสินค้าและบริการให้มีประสิทธิภาพ ลดการสิ้นเปลือง
ทรัพยากรลง",,,,,,,,,
85,การอนุรักษ์ทรัพยากรธรรมชาติที่ยั่งยืนจำเป็นต้องได้รับความร่วมมือจากใครมากที่สุด,ผู้นำประชาชน,ประชาชนในท้องถิ่น,หน่วยงานภาครัฐ,หน่วยงานภาคเอกชน,2," ประชาชนในท้องถิ่น เพราะในการอนุรักษณ์ทรัพยากรธรรมชาติที่ยั่งยืนต้องได้รับความร่วมมือจากประชาชร
ในท้องถิ่นจึงจะประสบความสำเร็จ เป็นการสร้างจิตสำนึกความเป็นเจ้าของทรัพยากรธรรมชาติร่วมกัน","ตอบ 2.  ประชาชนในท้องถิ่น เพราะในการอนุรักษณ์ทรัพยากรธรรมชาติที่ยั่งยืนต้องได้รับความร่วมมือจากประชาชร
ในท้องถิ่นจึงจะประสบความสำเร็จ เป็นการสร้างจิตสำนึกความเป็นเจ้าของทรัพยากรธรรมชาติร่วมกัน",,,,,,,,,
86,ความต้องการบริโภคสินค้าและความต้องการของประชาชนมีลักษณะอย่างใด,มีความต้องการที่จำกัด,มีความต้องการที่ไม่จำกัด,มีความต้องการเฉพาะสินค้าและบริการที่จำเป็น,มีความต้องการเฉพาะสินค้าที่นำเข้าจากต่างประเทศ,2," มีความต้องการที่ไม่จำกัด เพราะในความต้องการของผู้บริโภคในทางเศรษฐศาสตร์มีความต้องการที่ไม่จำกัด
จึงทำให้มีการผลิตสินค้าและมีผู้บริการเพิ่มขึ้นด้วย","ตอบ 2.  มีความต้องการที่ไม่จำกัด เพราะในความต้องการของผู้บริโภคในทางเศรษฐศาสตร์มีความต้องการที่ไม่จำกัด
จึงทำให้มีการผลิตสินค้าและมีผู้บริการเพิ่มขึ้นด้วย",,,,,,,,,
87,หน่วยเศรษฐกิจที่ทำหน้าที่ดูแลกิจกรรมทางเศรษฐกิจทั้งหมดคือข้อใด,หน่วยครัวเรือน,หน่วยธุรกิจ,หน่วยบริษัท,หน่วยรัฐบาล,4,"หน่วยรัฐบาล เพราะทำหน้าที่ควบคุมดูแลกิจกรรมทางเศรษฐกิจต่างๆ ของประเทศ เพื่อให้เกิดความเป็น
ธรรมแก่ประชาชน","ตอบ 4. หน่วยรัฐบาล เพราะทำหน้าที่ควบคุมดูแลกิจกรรมทางเศรษฐกิจต่างๆ ของประเทศ เพื่อให้เกิดความเป็น
ธรรมแก่ประชาชน",,,,,,,,,
88,หน่วยงานในการจัดเก็บภาษีที่มีความสำคัญมากที่สุดคือหน่วยงานใด,กรมสรรพากร,กรมสรรพสามิต,กรมศุลกากร,กรมการค้าภายใน,1," กรมสรรพากร  เพราะเป็นหน่วยงานที่มีบทบาทสำคัญที่สุดในการเก็บภาษีอากรจากประชาชนโดยมี
มูลค่าของภาษีที่เก็บจากประชาชนส่วนใหญ่มาจากการเก็บภาษีเงินได้บุคคลธรรมดา","ตอบ 1.  กรมสรรพากร  เพราะเป็นหน่วยงานที่มีบทบาทสำคัญที่สุดในการเก็บภาษีอากรจากประชาชนโดยมี
มูลค่าของภาษีที่เก็บจากประชาชนส่วนใหญ่มาจากการเก็บภาษีเงินได้บุคคลธรรมดา",,,,,,,,,
89,การศึกษาทางประวัติศาสตร์ในการค้นหาข้อมูล ใครมีวิธีการที่เหมาะสมที่สุด,ด.ญ.แดงไปค้นว้าในห้องสมุดของโรงเรียน,ด.ญ.นิดไปค้นคว้าจากหลักฐานในวัด,ด.ช.ทวีไปสอบถามข้อมูลจากผู้อาวุโสในชุมชน,ด.ช.มนต์ศึกษาในห้องสมุด แหล่งโบราณต่างๆ และสอบถามผู้อาวุโส,4,"ด.ช. มนต์   ศึกษาในห้องสมุด แหล่งโบราณต่งๆ และสอบถามผู้อาวุโส เพราะขั้นตอนในการค้นคว้าหาข้อมูล
ตามวีการศึกษาทางประวัติศาสตร์ที่ดีควรศึกษาหาข้อมูลจากแหล่งข้อมูลที่หลากหลาย จะทำให้ได้ข้อมูลที่แตกต่างกัน
และเป็นประโยชน์อย่างมากต่อการศึกษา","ตอบ 4. ด.ช. มนต์   ศึกษาในห้องสมุด แหล่งโบราณต่งๆ และสอบถามผู้อาวุโส เพราะขั้นตอนในการค้นคว้าหาข้อมูล
ตามวีการศึกษาทางประวัติศาสตร์ที่ดีควรศึกษาหาข้อมูลจากแหล่งข้อมูลที่หลากหลาย จะทำให้ได้ข้อมูลที่แตกต่างกัน
และเป็นประโยชน์อย่างมากต่อการศึกษา",,,,,,,,,
90,การเลิกทาสของไทยเกิดขึ้นในรัชกาลใดของกรุงรัตนโกสินทร์,รัชกาลที่ 3,รัชกาลที่ 4,รัชกาลที่ 5,รัชกาลที่ 6,3, รัชกาลที่ 5 เพราะการประกาศเลิกทาสทำให้คนไทยทุกคนมีสิทธิเท่าเทียมกัน,ตอบ 3.  รัชกาลที่ 5 เพราะการประกาศเลิกทาสทำให้คนไทยทุกคนมีสิทธิเท่าเทียมกัน,,,,,,,,,
91,การประกาศใช้กฏหมายฉบับใดของไทยที่ทำให้ประชาชนทุกคนมีสิทธิเสรีภาพเท่าเทียมกัน,กฏหมายเลิกทาส,กฏหมายเลิกไพร่,กฏหมายตราสามดวง,กฏหมายราชศาสตร์,1," กฏหมายเลิกทาส  เพราะสังคมไทยเป็นสังคมแห่งชนชั้น โดยแบ่งผู้คนออกเป็นชนชั้นต่างๆ โดยใช้ศักดินา
เป็นตัวกำหนด หลังจากรัชกาลที่ 5  ประกาศกฏหมายเลิกทาส ทำให้สังคมไทยไม่มีชนชั้น ประชาชนทุกคนมีสิทธิ์
เท่าเทียมกัน","ตอบ 1.  กฏหมายเลิกทาส  เพราะสังคมไทยเป็นสังคมแห่งชนชั้น โดยแบ่งผู้คนออกเป็นชนชั้นต่างๆ โดยใช้ศักดินา
เป็นตัวกำหนด หลังจากรัชกาลที่ 5  ประกาศกฏหมายเลิกทาส ทำให้สังคมไทยไม่มีชนชั้น ประชาชนทุกคนมีสิทธิ์
เท่าเทียมกัน",,,,,,,,,
92,ประเทศใดที่ไม่จัดเป็นประเทศที่ตั้งอยู่ในภูมิภาคเอเชียตะวันออกเฉียงใต้,ประเทศฟิลิปปินส์,ประเทศอินโดนีเชีย,ประเทศอินเดีย,ประเทศไทย,3,"ประเทศอินเดีย  เพราะอินเดียไม่จัดว่าเป็นประเทศที่ตั้งอยู่ในภูมิภาคเอเชียตะวันออกเฉียงใต้ 
ภูมิภาคในเอเชียตะวันออกเฉียงใต้ประกอบไปด้วย  11 ประเทศ","ตอบ 3. ประเทศอินเดีย  เพราะอินเดียไม่จัดว่าเป็นประเทศที่ตั้งอยู่ในภูมิภาคเอเชียตะวันออกเฉียงใต้ 
ภูมิภาคในเอเชียตะวันออกเฉียงใต้ประกอบไปด้วย  11 ประเทศ",,,,,,,,,
93,ประชาชนในภูมิภาคเอเชียตะวันออกเฉียงใต้ส่วนใหญ่จัดเป็นคนเผ่าใด,เผ่านิกรอยด์,เผ่าคอเคซอยด์,เผ่ามองโกลอยด์,เผ่าอาหรับ, ,  เผ่ามองโกลอยด์ เพราะชนเผ่ามองโกลอยด์มีลักษณะที่สำคัญ คือ  มีผิวสีเหลือง  ผมสีดำ  เป็นต้น,ตอบ  3.  เผ่ามองโกลอยด์ เพราะชนเผ่ามองโกลอยด์มีลักษณะที่สำคัญ คือ  มีผิวสีเหลือง  ผมสีดำ  เป็นต้น,,,,,,,,,
94,ปัจจุบันประเทศส่วนใหญ่ในภูมิภาคเอเชียตะวันออกเฉียงใต้มีการปกครองในรูปแบบใด,ประชาธิปไตย,เผด็จการ,คอมมิวนิสด์,เทวราชา,1," ประชาธิปไตย  เพราะประเทศส่วนใหญ่ในภูมิภาคเอเชียตะวันออกเฉียงใต้ปกครองในระบบประชาธิปไตย
  เช่น  ไทย  สิงคโปร์  มาเลเซีย  ฟิลิปปินส์  อินโดนีเซีย  และติมอร์ -เลสเต","ตอบ 1.  ประชาธิปไตย  เพราะประเทศส่วนใหญ่ในภูมิภาคเอเชียตะวันออกเฉียงใต้ปกครองในระบบประชาธิปไตย
  เช่น  ไทย  สิงคโปร์  มาเลเซีย  ฟิลิปปินส์  อินโดนีเซีย  และติมอร์ -เลสเต",,,,,,,,,
95,ในระยะแรกของการก่อตั้งสมาคมประชาชาติแห่งเอเชียตะวันออกเฉียงใต้เนื่องมาจากเหตุผลใด,ต้องการรวมกลุ่มทางการค้า,เพื่อสร้างความสัมพันธ์ที่ดีต่อกัน,กลัวภัยคุกคามจากลัทธิคอมมิวนิสต์,กลบัวภัยคุกคามจากลัทธิชาตินิยม,3," กลัวภัยคุกคามจากลัทธิคอมมิวนิสต์ เพราะหลังการการสิ้นสุดสงครามโลกครั้งที่ 2  ได้เกิดภาวะสงครามเย็น
อันเป็นการขัดแย้งด้านอุดมการณ์ทางการเมืองระหว่างประชาธิปไตยกับฝ่ายคอมมิวนิสต์และมีการขยายตัวเพิ่มขึ้น","ตอบ 3.  กลัวภัยคุกคามจากลัทธิคอมมิวนิสต์ เพราะหลังการการสิ้นสุดสงครามโลกครั้งที่ 2  ได้เกิดภาวะสงครามเย็น
อันเป็นการขัดแย้งด้านอุดมการณ์ทางการเมืองระหว่างประชาธิปไตยกับฝ่ายคอมมิวนิสต์และมีการขยายตัวเพิ่มขึ้น",,,,,,,,,
96,สมาคมประชาชาติแห่งเอเชียตะวันออกเฉียงใต้มีจุดมุ่งหมายสำคัญเพื่อร่วมมือกันพัฒนาในด้านใดมากที่สุด,ทางด้านเศรษฐกิจ,ทางด้านวัฒนธรรม,ทางด้านทหาร,ทางด้านวิทยาศาสตร์และเทคโนโลยี,1," ทางด้านเศษฐกิจ  เพราะจุดมุ่งหมายที่สำคัญที่สุดของสมาคมประชาชาติแห่งเอเชียตะวันออกเฉียงใต้หรือ
อาเซียน  ไ ด้แ  ความร่วมมือทางด้านเศรษฐกิจเพื่อมูลค่าและปริมาณทางด้านการค้าระหว่างกันให้มากขึ้น 
โดยลดอุปสรรคที่เป็นปัญหาให้น้อยลง","ตอบ 1.  ทางด้านเศษฐกิจ  เพราะจุดมุ่งหมายที่สำคัญที่สุดของสมาคมประชาชาติแห่งเอเชียตะวันออกเฉียงใต้หรือ
อาเซียน  ไ ด้แ  ความร่วมมือทางด้านเศรษฐกิจเพื่อมูลค่าและปริมาณทางด้านการค้าระหว่างกันให้มากขึ้น 
โดยลดอุปสรรคที่เป็นปัญหาให้น้อยลง",,,,,,,,,
97,รางวัลทางด้านวรรณกรรมยอดเยี่ยมของอาเซียนได้แก่รางวัลใด,รางวัลซีไรต์,รางวัลโนเบล,รางวัลแกรมมี,รางวัลตุ๊กตาทอง,1," รางวัลซีไรต์  เพราะเป็นรางวัลที่มอบให้แก่ผู้ที่สร้างสรรค์ทางด้านวรรณกรรมยอดเยี่ยมของอาเซียน
โดยเริ่มก่อตั้งเมื่อ ปี พ.ศ. 2522","ตอบ 1 . รางวัลซีไรต์  เพราะเป็นรางวัลที่มอบให้แก่ผู้ที่สร้างสรรค์ทางด้านวรรณกรรมยอดเยี่ยมของอาเซียน
โดยเริ่มก่อตั้งเมื่อ ปี พ.ศ. 2522",,,,,,,,,
98,การประสานงานของประเทศสมาชิกอาเซียนจะดำเนินการโดยผ่านหน่วยงานใดของประเทศ,กระทรวงศึกษา,กระทรวงการต่างประเทศ,กระทรวงมหาดไทย,กระทรวงวัฒนธรรม,2," กระทรวงการต่างประเทศ  เพราะการประสานงานชองประเทศสมาชิกจะดำเนินงานผ่านสำนักงาน
อาเซียนแห่งชาติ  หรือกรมอาเซี่ยน ซึ่งเป็นหน่วยงานหนึ่งในสังกัดของกระทรวงการต่างประเทศ","ตอบ 2.  กระทรวงการต่างประเทศ  เพราะการประสานงานชองประเทศสมาชิกจะดำเนินงานผ่านสำนักงาน
อาเซียนแห่งชาติ  หรือกรมอาเซี่ยน ซึ่งเป็นหน่วยงานหนึ่งในสังกัดของกระทรวงการต่างประเทศ",,,,,,,,,
99,การย้ายเมืองหลวงจากกรุงธนบุรีมายังกรุงรัตนโกสินทร์มีสาเหตุสำคัญมาจากเรื่องใด,กรุงธนบุรีได้รับความเสียหายจากการทำสงครามมาก,กรุงธนบุรีมีผู้คนอยู่อาศัยน้อย,กรุงธนบุรีมีความคับแคบ,กรุงธนบุรีเป็นพื้นที่ที่พม่ารู้เส้นทางในเมืองทั้งหมด,3,กรุงธนบุรีมีความคับแคบ  เพราะเมื่อกรุงธนบุรีมีพื้นที่คับแคบ การขยายเมืองก็เป็นไปด้วยความยากลำบาก,ตอบ 3. กรุงธนบุรีมีความคับแคบ  เพราะเมื่อกรุงธนบุรีมีพื้นที่คับแคบ การขยายเมืองก็เป็นไปด้วยความยากลำบาก,,,,,,,,,
100,รูปแบบการปกครองของกรุงรัตนโกสินทร์ตอนต้นคือรูปแบบใด,การปกครองแบบพ่อปกครองลูก,การปกครองแบบธรรมราชา,การปกครองแบบเทวราชา,การปกครองแบบประชาธิปไตย,3," การปกครองแบบเทวราชา  เพราะรับแบบอย่างมาจากกรุงศรีอยุธยาและกรุงธนบุรี เป็นรูปแบบการปกครอง
ที่ไทยรับมาจากเขมร","ตอบ 3.  การปกครองแบบเทวราชา  เพราะรับแบบอย่างมาจากกรุงศรีอยุธยาและกรุงธนบุรี เป็นรูปแบบการปกครอง
ที่ไทยรับมาจากเขมร",,,,,,,,,
,,,,,,,,,,,,,,,,,
,,,,,,,,,,,,,,,,,
,,,,,,,,,,,,,,,,,
,,,,,,,,,,,,,,,,,
,,,,,,,,,,,,,,,,,
,,,,,,,,,,,,,,,,,
,,,,,,,,,,,,,,,,,
,,,,,,,,,,,,,,,,,
,,,,,,,,,,,,,,,,,
,,,,,,,,,,,,,,,,,
,,,,,,,,,,,,,,,,,
,,,,,,,,,,,,,,,,,
,,,,,,,,,,,,,,,,,
,,,,,,,,,,,,,,,,,
,,,,,,,,,,,,,,,,,
,,,,,,,,,,,,,,,,,
,,,,,,,,,,,,,,,,,
,,,,,,,,,,,,,,,,,
,,,,,,,,,,,,,,,,,
,,,,,,,,,,,,,,,,,
,,,,,,,,,,,,,,,,,
,,,,,,,,,,,,,,,,,
,,,,,,,,,,,,,,,,,
,,,,,,,,,,,,,,,,,
,,,,,,,,,,,,,,,,,
,,,,,,,,,,,,,,,,,
,,,,,,,,,,,,,,,,,
,,,,,,,,,,,,,,,,,
,,,,,,,,,,,,,,,,,
,,,,,,,,,,,,,,,,,
,,,,,,,,,,,,,,,,,
,,,,,,,,,,,,,,,,,
,,,,,,,,,,,,,,,,,
,,,,,,,,,,,,,,,,,
,,,,,,,,,,,,,,,,,
,,,,,,,,,,,,,,,,,
,,,,,,,,,,,,,,,,,
,,,,,,,,,,,,,,,,,
,,,,,,,,,,,,,,,,,
,,,,,,,,,,,,,,,,,
,,,,,,,,,,,,,,,,,
,,,,,,,,,,,,,,,,,
,,,,,,,,,,,,,,,,,
,,,,,,,,,,,,,,,,,
,,,,,,,,,,,,,,,,,
,,,,,,,,,,,,,,,,,
,,,,,,,,,,,,,,,,,
,,,,,,,,,,,,,,,,,
,,,,,,,,,,,,,,,,,
,,,,,,,,,,,,,,,,,
,,,,,,,,,,,,,,,,,
,,,,,,,,,,,,,,,,,
,,,,,,,,,,,,,,,,,
,,,,,,,,,,,,,,,,,
,,,,,,,,,,,,,,,,,
,,,,,,,,,,,,,,,,,
,,,,,,,,,,,,,,,,,
,,,,,,,,,,,,,,,,,
,,,,,,,,,,,,,,,,,
,,,,,,,,,,,,,,,,,
,,,,,,,,,,,,,,,,,
,,,,,,,,,,,,,,,,,
,,,,,,,,,,,,,,,,,
,,,,,,,,,,,,,,,,,
,,,,,,,,,,,,,,,,,
,,,,,,,,,,,,,,,,,
,,,,,,,,,,,,,,,,,
,,,,,,,,,,,,,,,,,
,,,,,,,,,,,,,,,,,
,,,,,,,,,,,,,,,,,
,,,,,,,,,,,,,,,,,
,,,,,,,,,,,,,,,,,
,,,,,,,,,,,,,,,,,
,,,,,,,,,,,,,,,,,
,,,,,,,,,,,,,,,,,
,,,,,,,,,,,,,,,,,
,,,,,,,,,,,,,,,,,
,,,,,,,,,,,,,,,,,
,,,,,,,,,,,,,,,,,
,,,,,,,,,,,,,,,,,
,,,,,,,,,,,,,,,,,
,,,,,,,,,,,,,,,,,
,,,,,,,,,,,,,,,,,
,,,,,,,,,,,,,,,,,
,,,,,,,,,,,,,,,,,
,,,,,,,,,,,,,,,,,
,,,,,,,,,,,,,,,,,
,,,,,,,,,,,,,,,,,
,,,,,,,,,,,,,,,,,
,,,,,,,,,,,,,,,,,
,,,,,,,,,,,,,,,,,
,,,,,,,,,,,,,,,,,
,,,,,,,,,,,,,,,,,
,,,,,,,,,,,,,,,,,
,,,,,,,,,,,,,,,,,
,,,,,,,,,,,,,,,,,
,,,,,,,,,,,,,,,,,
,,,,,,,,,,,,,,,,,
,,,,,,,,,,,,,,,,,
,,,,,,,,,,,,,,,,,
,,,,,,,,,,,,,,,,,
,,,,,,,,,,,,,,,,,
,,,,,,,,,,,,,,,,,
,,,,,,,,,,,,,,,,,
,,,,,,,,,,,,,,,,,
,,,,,,,,,,,,,,,,,
,,,,,,,,,,,,,,,,,
,,,,,,,,,,,,,,,,,
,,,,,,,,,,,,,,,,,
,,,,,,,,,,,,,,,,,
,,,,,,,,,,,,,,,,,
,,,,,,,,,,,,,,,,,
,,,,,,,,,,,,,,,,,
,,,,,,,,,,,,,,,,,
,,,,,,,,,,,,,,,,,
,,,,,,,,,,,,,,,,,
,,,,,,,,,,,,,,,,,
,,,,,,,,,,,,,,,,,
,,,,,,,,,,,,,,,,,
,,,,,,,,,,,,,,,,,
,,,,,,,,,,,,,,,,,
,,,,,,,,,,,,,,,,,
,,,,,,,,,,,,,,,,,
,,,,,,,,,,,,,,,,,
,,,,,,,,,,,,,,,,,
,,,,,,,,,,,,,,,,,
,,,,,,,,,,,,,,,,,
,,,,,,,,,,,,,,,,,
,,,,,,,,,,,,,,,,,
,,,,,,,,,,,,,,,,,
,,,,,,,,,,,,,,,,,
,,,,,,,,,,,,,,,,,
,,,,,,,,,,,,,,,,,
,,,,,,,,,,,,,,,,,
,,,,,,,,,,,,,,,,,
,,,,,,,,,,,,,,,,,
,,,,,,,,,,,,,,,,,
,,,,,,,,,,,,,,,,,
,,,,,,,,,,,,,,,,,
,,,,,,,,,,,,,,,,,
,,,,,,,,,,,,,,,,,
,,,,,,,,,,,,,,,,,
,,,,,,,,,,,,,,,,,
,,,,,,,,,,,,,,,,,
,,,,,,,,,,,,,,,,,
,,,,,,,,,,,,,,,,,
,,,,,,,,,,,,,,,,,
,,,,,,,,,,,,,,,,,
,,,,,,,,,,,,,,,,,
,,,,,,,,,,,,,,,,,
,,,,,,,,,,,,,,,,,
,,,,,,,,,,,,,,,,,
,,,,,,,,,,,,,,,,,
,,,,,,,,,,,,,,,,,
,,,,,,,,,,,,,,,,,
,,,,,,,,,,,,,,,,,
,,,,,,,,,,,,,,,,,
,,,,,,,,,,,,,,,,,
,,,,,,,,,,,,,,,,,
,,,,,,,,,,,,,,,,,
,,,,,,,,,,,,,,,,,
,,,,,,,,,,,,,,,,,
,,,,,,,,,,,,,,,,,
,,,,,,,,,,,,,,,,,
,,,,,,,,,,,,,,,,,
,,,,,,,,,,,,,,,,,
,,,,,,,,,,,,,,,,,
,,,,,,,,,,,,,,,,,
,,,,,,,,,,,,,,,,,
,,,,,,,,,,,,,,,,,
,,,,,,,,,,,,,,,,,
,,,,,,,,,,,,,,,,,
,,,,,,,,,,,,,,,,,
,,,,,,,,,,,,,,,,,
,,,,,,,,,,,,,,,,,
,,,,,,,,,,,,,,,,,
,,,,,,,,,,,,,,,,,
,,,,,,,,,,,,,,,,,
,,,,,,,,,,,,,,,,,
,,,,,,,,,,,,,,,,,
,,,,,,,,,,,,,,,,,
,,,,,,,,,,,,,,,,,
,,,,,,,,,,,,,,,,,
,,,,,,,,,,,,,,,,,
,,,,,,,,,,,,,,,,,
,,,,,,,,,,,,,,,,,
,,,,,,,,,,,,,,,,,
,,,,,,,,,,,,,,,,,
,,,,,,,,,,,,,,,,,
,,,,,,,,,,,,,,,,,
,,,,,,,,,,,,,,,,,
,,,,,,,,,,,,,,,,,
,,,,,,,,,,,,,,,,,
,,,,,,,,,,,,,,,,,
,,,,,,,,,,,,,,,,,
,,,,,,,,,,,,,,,,,
,,,,,,,,,,,,,,,,,
,,,,,,,,,,,,,,,,,
,,,,,,,,,,,,,,,,,
,,,,,,,,,,,,,,,,,
,,,,,,,,,,,,,,,,,
,,,,,,,,,,,,,,,,,
,,,,,,,,,,,,,,,,,
,,,,,,,,,,,,,,,,,
,,,,,,,,,,,,,,,,,
,,,,,,,,,,,,,,,,,
,,,,,,,,,,,,,,,,,
,,,,,,,,,,,,,,,,,
,,,,,,,,,,,,,,,,,
,,,,,,,,,,,,,,,,,
,,,,,,,,,,,,,,,,,
,,,,,,,,,,,,,,,,,
,,,,,,,,,,,,,,,,,
,,,,,,,,,,,,,,,,,
,,,,,,,,,,,,,,,,,
,,,,,,,,,,,,,,,,,
,,,,,,,,,,,,,,,,,
,,,,,,,,,,,,,,,,,
,,,,,,,,,,,,,,,,,
,,,,,,,,,,,,,,,,,
,,,,,,,,,,,,,,,,,
,,,,,,,,,,,,,,,,,
,,,,,,,,,,,,,,,,,
,,,,,,,,,,,,,,,,,
,,,,,,,,,,,,,,,,,
,,,,,,,,,,,,,,,,,
,,,,,,,,,,,,,,,,,
,,,,,,,,,,,,,,,,,
,,,,,,,,,,,,,,,,,
,,,,,,,,,,,,,,,,,
,,,,,,,,,,,,,,,,,
,,,,,,,,,,,,,,,,,
,,,,,,,,,,,,,,,,,
,,,,,,,,,,,,,,,,,
,,,,,,,,,,,,,,,,,
,,,,,,,,,,,,,,,,,
,,,,,,,,,,,,,,,,,
,,,,,,,,,,,,,,,,,
,,,,,,,,,,,,,,,,,
,,,,,,,,,,,,,,,,,
,,,,,,,,,,,,,,,,,
,,,,,,,,,,,,,,,,,
,,,,,,,,,,,,,,,,,
,,,,,,,,,,,,,,,,,
,,,,,,,,,,,,,,,,,
,,,,,,,,,,,,,,,,,
,,,,,,,,,,,,,,,,,
,,,,,,,,,,,,,,,,,
,,,,,,,,,,,,,,,,,
,,,,,,,,,,,,,,,,,
,,,,,,,,,,,,,,,,,
,,,,,,,,,,,,,,,,,
,,,,,,,,,,,,,,,,,
,,,,,,,,,,,,,,,,,
,,,,,,,,,,,,,,,,,
,,,,,,,,,,,,,,,,,
,,,,,,,,,,,,,,,,,
,,,,,,,,,,,,,,,,,
,,,,,,,,,,,,,,,,,
,,,,,,,,,,,,,,,,,
,,,,,,,,,,,,,,,,,
,,,,,,,,,,,,,,,,,
,,,,,,,,,,,,,,,,,
,,,,,,,,,,,,,,,,,
,,,,,,,,,,,,,,,,,
,,,,,,,,,,,,,,,,,
,,,,,,,,,,,,,,,,,
,,,,,,,,,,,,,,,,,
,,,,,,,,,,,,,,,,,
,,,,,,,,,,,,,,,,,
,,,,,,,,,,,,,,,,,
,,,,,,,,,,,,,,,,,
,,,,,,,,,,,,,,,,,
,,,,,,,,,,,,,,,,,
,,,,,,,,,,,,,,,,,
,,,,,,,,,,,,,,,,,
,,,,,,,,,,,,,,,,,
,,,,,,,,,,,,,,,,,
,,,,,,,,,,,,,,,,,
,,,,,,,,,,,,,,,,,
,,,,,,,,,,,,,,,,,
,,,,,,,,,,,,,,,,,
,,,,,,,,,,,,,,,,,
,,,,,,,,,,,,,,,,,
,,,,,,,,,,,,,,,,,
,,,,,,,,,,,,,,,,,
,,,,,,,,,,,,,,,,,
,,,,,,,,,,,,,,,,,
,,,,,,,,,,,,,,,,,
,,,,,,,,,,,,,,,,,
,,,,,,,,,,,,,,,,,
,,,,,,,,,,,,,,,,,
,,,,,,,,,,,,,,,,,
,,,,,,,,,,,,,,,,,
,,,,,,,,,,,,,,,,,
,,,,,,,,,,,,,,,,,
,,,,,,,,,,,,,,,,,
,,,,,,,,,,,,,,,,,
,,,,,,,,,,,,,,,,,
,,,,,,,,,,,,,,,,,
,,,,,,,,,,,,,,,,,
,,,,,,,,,,,,,,,,,
,,,,,,,,,,,,,,,,,
,,,,,,,,,,,,,,,,,
,,,,,,,,,,,,,,,,,
,,,,,,,,,,,,,,,,,
,,,,,,,,,,,,,,,,,
,,,,,,,,,,,,,,,,,
,,,,,,,,,,,,,,,,,
,,,,,,,,,,,,,,,,,
,,,,,,,,,,,,,,,,,
,,,,,,,,,,,,,,,,,
,,,,,,,,,,,,,,,,,
,,,,,,,,,,,,,,,,,
,,,,,,,,,,,,,,,,,
,,,,,,,,,,,,,,,,,
,,,,,,,,,,,,,,,,,
,,,,,,,,,,,,,,,,,
,,,,,,,,,,,,,,,,,
,,,,,,,,,,,,,,,,,
,,,,,,,,,,,,,,,,,
,,,,,,,,,,,,,,,,,
,,,,,,,,,,,,,,,,,
,,,,,,,,,,,,,,,,,
,,,,,,,,,,,,,,,,,
,,,,,,,,,,,,,,,,,
,,,,,,,,,,,,,,,,,
,,,,,,,,,,,,,,,,,
,,,,,,,,,,,,,,,,,
,,,,,,,,,,,,,,,,,
,,,,,,,,,,,,,,,,,
,,,,,,,,,,,,,,,,,
,,,,,,,,,,,,,,,,,
,,,,,,,,,,,,,,,,,
,,,,,,,,,,,,,,,,,
,,,,,,,,,,,,,,,,,
,,,,,,,,,,,,,,,,,
,,,,,,,,,,,,,,,,,
,,,,,,,,,,,,,,,,,
,,,,,,,,,,,,,,,,,
,,,,,,,,,,,,,,,,,
,,,,,,,,,,,,,,,,,
,,,,,,,,,,,,,,,,,
,,,,,,,,,,,,,,,,,
,,,,,,,,,,,,,,,,,
,,,,,,,,,,,,,,,,,
,,,,,,,,,,,,,,,,,
,,,,,,,,,,,,,,,,,
,,,,,,,,,,,,,,,,,
,,,,,,,,,,,,,,,,,
,,,,,,,,,,,,,,,,,
,,,,,,,,,,,,,,,,,
,,,,,,,,,,,,,,,,,
,,,,,,,,,,,,,,,,,
,,,,,,,,,,,,,,,,,
,,,,,,,,,,,,,,,,,
,,,,,,,,,,,,,,,,,
,,,,,,,,,,,,,,,,,
,,,,,,,,,,,,,,,,,
,,,,,,,,,,,,,,,,,
,,,,,,,,,,,,,,,,,
,,,,,,,,,,,,,,,,,
,,,,,,,,,,,,,,,,,
,,,,,,,,,,,,,,,,,
,,,,,,,,,,,,,,,,,
,,,,,,,,,,,,,,,,,
,,,,,,,,,,,,,,,,,
,,,,,,,,,,,,,,,,,
,,,,,,,,,,,,,,,,,
,,,,,,,,,,,,,,,,,
,,,,,,,,,,,,,,,,,
,,,,,,,,,,,,,,,,,
,,,,,,,,,,,,,,,,,
,,,,,,,,,,,,,,,,,
,,,,,,,,,,,,,,,,,
,,,,,,,,,,,,,,,,,
,,,,,,,,,,,,,,,,,
,,,,,,,,,,,,,,,,,
,,,,,,,,,,,,,,,,,
,,,,,,,,,,,,,,,,,
,,,,,,,,,,,,,,,,,
,,,,,,,,,,,,,,,,,
,,,,,,,,,,,,,,,,,
,,,,,,,,,,,,,,,,,
,,,,,,,,,,,,,,,,,
,,,,,,,,,,,,,,,,,
,,,,,,,,,,,,,,,,,
,,,,,,,,,,,,,,,,,
,,,,,,,,,,,,,,,,,
,,,,,,,,,,,,,,,,,
,,,,,,,,,,,,,,,,,
,,,,,,,,,,,,,,,,,
,,,,,,,,,,,,,,,,,
,,,,,,,,,,,,,,,,,
,,,,,,,,,,,,,,,,,
,,,,,,,,,,,,,,,,,
,,,,,,,,,,,,,,,,,
,,,,,,,,,,,,,,,,,
,,,,,,,,,,,,,,,,,
,,,,,,,,,,,,,,,,,
,,,,,,,,,,,,,,,,,
,,,,,,,,,,,,,,,,,
,,,,,,,,,,,,,,,,,
,,,,,,,,,,,,,,,,,
,,,,,,,,,,,,,,,,,
,,,,,,,,,,,,,,,,,
,,,,,,,,,,,,,,,,,
,,,,,,,,,,,,,,,,,
,,,,,,,,,,,,,,,,,
,,,,,,,,,,,,,,,,,
,,,,,,,,,,,,,,,,,
,,,,,,,,,,,,,,,,,
,,,,,,,,,,,,,,,,,
,,,,,,,,,,,,,,,,,
,,,,,,,,,,,,,,,,,
,,,,,,,,,,,,,,,,,
,,,,,,,,,,,,,,,,,
,,,,,,,,,,,,,,,,,
,,,,,,,,,,,,,,,,,
,,,,,,,,,,,,,,,,,
,,,,,,,,,,,,,,,,,
,,,,,,,,,,,,,,,,,
,,,,,,,,,,,,,,,,,
,,,,,,,,,,,,,,,,,
,,,,,,,,,,,,,,,,,
,,,,,,,,,,,,,,,,,
,,,,,,,,,,,,,,,,,
,,,,,,,,,,,,,,,,,
,,,,,,,,,,,,,,,,,
,,,,,,,,,,,,,,,,,
,,,,,,,,,,,,,,,,,
,,,,,,,,,,,,,,,,,
,,,,,,,,,,,,,,,,,
,,,,,,,,,,,,,,,,,
,,,,,,,,,,,,,,,,,
,,,,,,,,,,,,,,,,,
,,,,,,,,,,,,,,,,,
,,,,,,,,,,,,,,,,,
,,,,,,,,,,,,,,,,,
,,,,,,,,,,,,,,,,,
,,,,,,,,,,,,,,,,,
,,,,,,,,,,,,,,,,,
,,,,,,,,,,,,,,,,,
,,,,,,,,,,,,,,,,,
,,,,,,,,,,,,,,,,,
,,,,,,,,,,,,,,,,,
,,,,,,,,,,,,,,,,,
,,,,,,,,,,,,,,,,,
,,,,,,,,,,,,,,,,,
,,,,,,,,,,,,,,,,,
,,,,,,,,,,,,,,,,,
,,,,,,,,,,,,,,,,,
,,,,,,,,,,,,,,,,,
,,,,,,,,,,,,,,,,,
,,,,,,,,,,,,,,,,,
,,,,,,,,,,,,,,,,,
,,,,,,,,,,,,,,,,,
,,,,,,,,,,,,,,,,,
,,,,,,,,,,,,,,,,,
,,,,,,,,,,,,,,,,,
,,,,,,,,,,,,,,,,,
,,,,,,,,,,,,,,,,,
,,,,,,,,,,,,,,,,,
,,,,,,,,,,,,,,,,,
,,,,,,,,,,,,,,,,,
,,,,,,,,,,,,,,,,,
,,,,,,,,,,,,,,,,,
,,,,,,,,,,,,,,,,,
,,,,,,,,,,,,,,,,,
,,,,,,,,,,,,,,,,,
,,,,,,,,,,,,,,,,,
,,,,,,,,,,,,,,,,,
,,,,,,,,,,,,,,,,,
,,,,,,,,,,,,,,,,,
,,,,,,,,,,,,,,,,,
,,,,,,,,,,,,,,,,,
,,,,,,,,,,,,,,,,,
,,,,,,,,,,,,,,,,,
,,,,,,,,,,,,,,,,,
,,,,,,,,,,,,,,,,,
,,,,,,,,,,,,,,,,,
,,,,,,,,,,,,,,,,,
,,,,,,,,,,,,,,,,,
,,,,,,,,,,,,,,,,,
,,,,,,,,,,,,,,,,,
,,,,,,,,,,,,,,,,,
,,,,,,,,,,,,,,,,,
,,,,,,,,,,,,,,,,,
,,,,,,,,,,,,,,,,,
,,,,,,,,,,,,,,,,,
,,,,,,,,,,,,,,,,,
,,,,,,,,,,,,,,,,,
,,,,,,,,,,,,,,,,,
,,,,,,,,,,,,,,,,,
,,,,,,,,,,,,,,,,,
,,,,,,,,,,,,,,,,,
,,,,,,,,,,,,,,,,,
,,,,,,,,,,,,,,,,,
,,,,,,,,,,,,,,,,,
,,,,,,,,,,,,,,,,,
,,,,,,,,,,,,,,,,,
,,,,,,,,,,,,,,,,,
,,,,,,,,,,,,,,,,,
,,,,,,,,,,,,,,,,,
,,,,,,,,,,,,,,,,,
,,,,,,,,,,,,,,,,,
,,,,,,,,,,,,,,,,,
,,,,,,,,,,,,,,,,,
,,,,,,,,,,,,,,,,,
,,,,,,,,,,,,,,,,,
,,,,,,,,,,,,,,,,,
,,,,,,,,,,,,,,,,,
,,,,,,,,,,,,,,,,,
,,,,,,,,,,,,,,,,,
,,,,,,,,,,,,,,,,,
,,,,,,,,,,,,,,,,,
,,,,,,,,,,,,,,,,,
,,,,,,,,,,,,,,,,,
,,,,,,,,,,,,,,,,,
,,,,,,,,,,,,,,,,,
,,,,,,,,,,,,,,,,,
,,,,,,,,,,,,,,,,,
,,,,,,,,,,,,,,,,,
,,,,,,,,,,,,,,,,,
,,,,,,,,,,,,,,,,,
,,,,,,,,,,,,,,,,,
,,,,,,,,,,,,,,,,,
,,,,,,,,,,,,,,,,,
,,,,,,,,,,,,,,,,,
,,,,,,,,,,,,,,,,,
,,,,,,,,,,,,,,,,,
,,,,,,,,,,,,,,,,,
,,,,,,,,,,,,,,,,,
,,,,,,,,,,,,,,,,,
,,,,,,,,,,,,,,,,,
,,,,,,,,,,,,,,,,,
,,,,,,,,,,,,,,,,,
,,,,,,,,,,,,,,,,,
,,,,,,,,,,,,,,,,,
,,,,,,,,,,,,,,,,,
,,,,,,,,,,,,,,,,,
,,,,,,,,,,,,,,,,,
,,,,,,,,,,,,,,,,,
,,,,,,,,,,,,,,,,,
,,,,,,,,,,,,,,,,,
,,,,,,,,,,,,,,,,,
,,,,,,,,,,,,,,,,,
,,,,,,,,,,,,,,,,,
,,,,,,,,,,,,,,,,,
,,,,,,,,,,,,,,,,,
,,,,,,,,,,,,,,,,,
,,,,,,,,,,,,,,,,,
,,,,,,,,,,,,,,,,,
,,,,,,,,,,,,,,,,,
,,,,,,,,,,,,,,,,,
,,,,,,,,,,,,,,,,,
,,,,,,,,,,,,,,,,,
,,,,,,,,,,,,,,,,,
,,,,,,,,,,,,,,,,,
,,,,,,,,,,,,,,,,,
,,,,,,,,,,,,,,,,,
,,,,,,,,,,,,,,,,,
,,,,,,,,,,,,,,,,,
,,,,,,,,,,,,,,,,,
,,,,,,,,,,,,,,,,,
,,,,,,,,,,,,,,,,,
,,,,,,,,,,,,,,,,,
,,,,,,,,,,,,,,,,,
,,,,,,,,,,,,,,,,,
,,,,,,,,,,,,,,,,,
,,,,,,,,,,,,,,,,,
,,,,,,,,,,,,,,,,,
,,,,,,,,,,,,,,,,,
,,,,,,,,,,,,,,,,,
,,,,,,,,,,,,,,,,,
,,,,,,,,,,,,,,,,,
,,,,,,,,,,,,,,,,,
,,,,,,,,,,,,,,,,,
,,,,,,,,,,,,,,,,,
,,,,,,,,,,,,,,,,,
,,,,,,,,,,,,,,,,,
,,,,,,,,,,,,,,,,,
,,,,,,,,,,,,,,,,,
,,,,,,,,,,,,,,,,,
,,,,,,,,,,,,,,,,,
,,,,,,,,,,,,,,,,,
,,,,,,,,,,,,,,,,,
,,,,,,,,,,,,,,,,,
,,,,,,,,,,,,,,,,,
,,,,,,,,,,,,,,,,,
,,,,,,,,,,,,,,,,,
,,,,,,,,,,,,,,,,,
,,,,,,,,,,,,,,,,,
,,,,,,,,,,,,,,,,,
,,,,,,,,,,,,,,,,,
,,,,,,,,,,,,,,,,,
,,,,,,,,,,,,,,,,,
,,,,,,,,,,,,,,,,,
,,,,,,,,,,,,,,,,,
,,,,,,,,,,,,,,,,,
,,,,,,,,,,,,,,,,,
,,,,,,,,,,,,,,,,,
,,,,,,,,,,,,,,,,,
,,,,,,,,,,,,,,,,,
,,,,,,,,,,,,,,,,,
,,,,,,,,,,,,,,,,,
,,,,,,,,,,,,,,,,,
,,,,,,,,,,,,,,,,,
,,,,,,,,,,,,,,,,,
,,,,,,,,,,,,,,,,,
,,,,,,,,,,,,,,,,,
,,,,,,,,,,,,,,,,,
,,,,,,,,,,,,,,,,,
,,,,,,,,,,,,,,,,,
,,,,,,,,,,,,,,,,,
,,,,,,,,,,,,,,,,,
,,,,,,,,,,,,,,,,,
,,,,,,,,,,,,,,,,,
,,,,,,,,,,,,,,,,,
,,,,,,,,,,,,,,,,,
,,,,,,,,,,,,,,,,,
,,,,,,,,,,,,,,,,,
,,,,,,,,,,,,,,,,,
,,,,,,,,,,,,,,,,,
,,,,,,,,,,,,,,,,,
,,,,,,,,,,,,,,,,,
,,,,,,,,,,,,,,,,,
,,,,,,,,,,,,,,,,,
,,,,,,,,,,,,,,,,,
,,,,,,,,,,,,,,,,,
,,,,,,,,,,,,,,,,,
,,,,,,,,,,,,,,,,,
,,,,,,,,,,,,,,,,,
,,,,,,,,,,,,,,,,,
,,,,,,,,,,,,,,,,,
,,,,,,,,,,,,,,,,,
,,,,,,,,,,,,,,,,,
,,,,,,,,,,,,,,,,,
,,,,,,,,,,,,,,,,,
,,,,,,,,,,,,,,,,,
,,,,,,,,,,,,,,,,,
,,,,,,,,,,,,,,,,,
,,,,,,,,,,,,,,,,,
,,,,,,,,,,,,,,,,,
,,,,,,,,,,,,,,,,,
,,,,,,,,,,,,,,,,,
,,,,,,,,,,,,,,,,,
,,,,,,,,,,,,,,,,,
,,,,,,,,,,,,,,,,,
,,,,,,,,,,,,,,,,,
,,,,,,,,,,,,,,,,,
,,,,,,,,,,,,,,,,,
,,,,,,,,,,,,,,,,,
,,,,,,,,,,,,,,,,,
,,,,,,,,,,,,,,,,,
,,,,,,,,,,,,,,,,,
,,,,,,,,,,,,,,,,,
,,,,,,,,,,,,,,,,,
,,,,,,,,,,,,,,,,,
,,,,,,,,,,,,,,,,,
,,,,,,,,,,,,,,,,,
,,,,,,,,,,,,,,,,,
,,,,,,,,,,,,,,,,,
,,,,,,,,,,,,,,,,,
,,,,,,,,,,,,,,,,,
,,,,,,,,,,,,,,,,,
,,,,,,,,,,,,,,,,,
,,,,,,,,,,,,,,,,,
,,,,,,,,,,,,,,,,,
,,,,,,,,,,,,,,,,,
,,,,,,,,,,,,,,,,,
,,,,,,,,,,,,,,,,,
,,,,,,,,,,,,,,,,,
,,,,,,,,,,,,,,,,,
,,,,,,,,,,,,,,,,,
,,,,,,,,,,,,,,,,,
,,,,,,,,,,,,,,,,,
,,,,,,,,,,,,,,,,,
,,,,,,,,,,,,,,,,,
,,,,,,,,,,,,,,,,,
,,,,,,,,,,,,,,,,,
,,,,,,,,,,,,,,,,,
,,,,,,,,,,,,,,,,,
,,,,,,,,,,,,,,,,,
,,,,,,,,,,,,,,,,,
,,,,,,,,,,,,,,,,,
,,,,,,,,,,,,,,,,,
,,,,,,,,,,,,,,,,,
,,,,,,,,,,,,,,,,,
,,,,,,,,,,,,,,,,,
,,,,,,,,,,,,,,,,,
,,,,,,,,,,,,,,,,,
,,,,,,,,,,,,,,,,,
,,,,,,,,,,,,,,,,,
,,,,,,,,,,,,,,,,,
,,,,,,,,,,,,,,,,,
,,,,,,,,,,,,,,,,,
,,,,,,,,,,,,,,,,,
,,,,,,,,,,,,,,,,,
,,,,,,,,,,,,,,,,,
,,,,,,,,,,,,,,,,,
,,,,,,,,,,,,,,,,,
,,,,,,,,,,,,,,,,,
,,,,,,,,,,,,,,,,,
,,,,,,,,,,,,,,,,,
,,,,,,,,,,,,,,,,,
,,,,,,,,,,,,,,,,,
,,,,,,,,,,,,,,,,,
,,,,,,,,,,,,,,,,,
,,,,,,,,,,,,,,,,,
,,,,,,,,,,,,,,,,,
,,,,,,,,,,,,,,,,,
,,,,,,,,,,,,,,,,,
,,,,,,,,,,,,,,,,,
,,,,,,,,,,,,,,,,,
,,,,,,,,,,,,,,,,,
,,,,,,,,,,,,,,,,,
,,,,,,,,,,,,,,,,,
,,,,,,,,,,,,,,,,,
,,,,,,,,,,,,,,,,,
,,,,,,,,,,,,,,,,,
,,,,,,,,,,,,,,,,,
,,,,,,,,,,,,,,,,,
,,,,,,,,,,,,,,,,,
,,,,,,,,,,,,,,,,,
,,,,,,,,,,,,,,,,,
,,,,,,,,,,,,,,,,,
,,,,,,,,,,,,,,,,,
,,,,,,,,,,,,,,,,,
,,,,,,,,,,,,,,,,,
,,,,,,,,,,,,,,,,,
,,,,,,,,,,,,,,,,,
,,,,,,,,,,,,,,,,,
,,,,,,,,,,,,,,,,,
,,,,,,,,,,,,,,,,,
,,,,,,,,,,,,,,,,,
,,,,,,,,,,,,,,,,,
,,,,,,,,,,,,,,,,,
,,,,,,,,,,,,,,,,,
,,,,,,,,,,,,,,,,,
