ข้อที่,คำถาม,1,2,3,4,เฉลย,เฉลย,เฉลย
1,ลำดับการเจริญเติบโตของร่างกายเราจะเป็นไปตามข้อใด,วัยเด็ก-วัยแรกเกิด-วัยรุ่น,วัยแรกเกิด-วันเด็ก-วัยผู้ใหญ่,วัยรุ่น-วัยผู้ใหญ่-วัยรุ่น,วัยเด็ก-วัยผู้ใหญ่-วัยรุ่น,2,ลำดับการเจริญเติบดตของร่างกายเราจำเป็นไปตามขั้นตอน วัยแรกเกิด - วัยเด็ก - วัยรุ่น,ตอบ 2. ลำดับการเจริญเติบดตของร่างกายเราจำเป็นไปตามขั้นตอน วัยแรกเกิด - วัยเด็ก - วัยรุ่น
2,การเปลี่ยนแปลงของคนเราส่วนใดที่มองไม่เห็น,จิตใจ,แขน,ขา,ลำตัว,1,เรื่องของจิตใจและสิ่งที่อยู่ภายในใจ เป็นสิ่งที่ไม่สามารถมองเห็นได้,ตอบ 1. เรื่องของจิตใจและสิ่งที่อยู่ภายในใจ เป็นสิ่งที่ไม่สามารถมองเห็นได้
3,การเปลี่ยนแปลงของ่างกายส่วนใดที่เราจะทราบได้ด้วยการชั่ง,ขนาดของแขน,ความยาวของขา,ความอ้วนผอม,ความแข็งแรง,3,ความอ้วนและความผอม คือสิ่งที่สามารถทรางได้ด้วยการชั่ง,ตอบ 3. ความอ้วนและความผอม คือสิ่งที่สามารถทรางได้ด้วยการชั่ง
4,ส่วนใดของร่างกายที่ไม่มีมาพร้อมกับการเกิดครั้งแรก,ตา,หู,จมูก,ฟัน,4,"ฟันนั้น เป็นอวัยวะที่ไม่ได้มีมาพร้อมกับการเติบโตของทารกที่อยู่ในท้อง เพราะในช่วงที่อยู่
ในท้อง ทารกจะรับสารอาหารจากทางสายสะดือของแม่ แต่เมื่อเกิดมาแล้ว จะดื่มนมแม่ พร้อมทั้งจะค่อยๆ 
เกิดพัฒนาการมีฟันน้ำนมงอกขึ้นมา เพื่อใช้กินอาหารประเภทอื่นๆ","ตอบ 4. ฟันนั้น เป็นอวัยวะที่ไม่ได้มีมาพร้อมกับการเติบโตของทารกที่อยู่ในท้อง เพราะในช่วงที่อยู่
ในท้อง ทารกจะรับสารอาหารจากทางสายสะดือของแม่ แต่เมื่อเกิดมาแล้ว จะดื่มนมแม่ พร้อมทั้งจะค่อยๆ 
เกิดพัฒนาการมีฟันน้ำนมงอกขึ้นมา เพื่อใช้กินอาหารประเภทอื่นๆ"
5,ข้อใดที่ไม่สามารถถือเป็นเกณฑ์วัดความเจริญเติบโตของร่างกายที่แน่นอน,น้ำหนัก,ความยาวของเส้นผม,ความยาวของลำตัว,ส่วนสูง,2,การวัดความยาวของเส้นผม ไม่ใช่วัดความเจริญเติบโตของร่างกายที่แน่นอน,ตอบ 2. การวัดความยาวของเส้นผม ไม่ใช่วัดความเจริญเติบโตของร่างกายที่แน่นอน
6,ร่างกายของคนเรามีการเจริญเติบโตเมื่อใด,หลังจากที่ลืมตาได้,หลังจากการปฏิสนธิ,หลังจากมีอายุ 1 สัปดาห์,หลังจากคลอดจากครรภ์มารดา,2,"หลังจากที่ไข่ของแม่ผสมกับสเปิร์มของพ่อแล้ว จะเกิดการปฏิสนธิ ทำให้เกิดชีวิตและการเจริญเติบโต
เริ่มขึ้นแล้ว","ตอบ 2. หลังจากที่ไข่ของแม่ผสมกับสเปิร์มของพ่อแล้ว จะเกิดการปฏิสนธิ ทำให้เกิดชีวิตและการเจริญเติบโต
เริ่มขึ้นแล้ว"
7,การที่โรงเรียนมีการเก็บข้อมูลมวลและส่วนสูงของนักเรียน เพื่อประโยชน์ข้อใด,จำแนกที่มีสุขภาพดีและสุขภาพไม่ดี,ส่งเสริมให้เด็กที่มีสุขภาพดีมีสุขภาพดียิ่งขึ้น,ช่วยดูแลรักษาเด็กที่มีสุขภาพไม่ดีให้มีสุขภาพดียิ่งขึ้น,"ดูภาวะโภชนาการของเด็ก และให้คำแนะนำกับผู้ปกครองของเด็ก
ที่มีปัญหาทางด้านสุขภาพ",4,เพื่อดูภาวะโภชนาการของเด็ก และให้คำแนะนำกับผู้ปกครองของเด็กที่มีปัญหาทางด้านสุขภาพ,ตอบ 4. เพื่อดูภาวะโภชนาการของเด็ก และให้คำแนะนำกับผู้ปกครองของเด็กที่มีปัญหาทางด้านสุขภาพ
8,"ผักชนิดหนึ่งเป็นแหล่งของวิตามิน A,B2, และ C หากแม่นำผักชนิดนี้ไปล้างน้ำก่อนนำมา
ประกอบอาหาร วิตามินชนิดใดจะไม่สูญเสียไป",วิตามิน A,วิตามิน B,วิตามิน C ,วิตามิน A และ C,1,เหตุผลเพราะวิตามิน A  ไม่ละลายในน้ำธรรมดา,ตอบ 1. เหตุผลเพราะวิตามิน A  ไม่ละลายในน้ำธรรมดา
9,"จากตารางทดสอบสารอาหาร 4 ชนิด ได้ผลดังตาราง





ถ้าคุณแม่มีน้ำหนัก 85 กิโลกรัม คุณแม่จะต้องหลีกเลี่ยงการรับประทานอาหารชนิด
ใดมากที่สุด",ชนิด A,ชนิด B,ชนิด C,ชนิด D,4," ถ้าคุณแม่มีน้ำหนัก 85 กิโลกรัม คุณแม่จะต้องหลีกเลี่งการรับประทานอาหารชนิด D มากที่สุด เพราะ
อาหารชนิด D มีแป้งอยู่มาก สังเกตุได้จากการใช้สารละลายไอโอดีน มีสีม่วงเข้ม ซึ่งหากรับประทานแป้งมาก
เท่าใด ก็จะส่งผลให้น้ำหนักเพิ่ม หรือเป็นโรคอ้วนได้ง่ายขึ้นเท่านั้น","ตอบ 4.  ถ้าคุณแม่มีน้ำหนัก 85 กิโลกรัม คุณแม่จะต้องหลีกเลี่งการรับประทานอาหารชนิด D มากที่สุด เพราะ
อาหารชนิด D มีแป้งอยู่มาก สังเกตุได้จากการใช้สารละลายไอโอดีน มีสีม่วงเข้ม ซึ่งหากรับประทานแป้งมาก
เท่าใด ก็จะส่งผลให้น้ำหนักเพิ่ม หรือเป็นโรคอ้วนได้ง่ายขึ้นเท่านั้น"
10,จากคำตอบที่ 9 คุณแม่ควรทำอย่างไรจึงจะเหมาะสมมากที่สุด,ลดการรับประทานอาหารเหลือวันละ 1 มื้อ,ออกกำลังกายอย่างสม่ำเสมอ,รับประทานยาลดความอ้วน,ดื่มน้ำให้มากขึ้น,4," คุณแม่ต้องออกกำลังกายให้มากขึ้น เพื่อให้ร่างกายเผาผลาญสารอาหารที่เกินความจำเป็นในร่างกาย
โดยเฉพาะแป้ง คาร์โบไฮเดรต อันเป็นสาเหตุของการมีน้ำหนักเกิน และเป็นโรคอ้วน","ตอบ 4.  คุณแม่ต้องออกกำลังกายให้มากขึ้น เพื่อให้ร่างกายเผาผลาญสารอาหารที่เกินความจำเป็นในร่างกาย
โดยเฉพาะแป้ง คาร์โบไฮเดรต อันเป็นสาเหตุของการมีน้ำหนักเกิน และเป็นโรคอ้วน"
11,ข้อใดไม่ใช่ก๊าซเรือนกระจก,คาร์บอนไดออกไซด์,ออกไซด์ของไนโตรเจน,คารบอนมอนอกไซด์,มีเทน,3," ก๊าซเรือนกระจกมี 4 ชนิด ได้แก่ ก๊าซคาร์บอนไดออกไซด์   มีเทน สารประกอบคลอโรฟลูออโรคาร์บอน
และก๊าซไนตรัสออกไซด์","ตอบ 3.  ก๊าซเรือนกระจกมี 4 ชนิด ได้แก่ ก๊าซคาร์บอนไดออกไซด์   มีเทน สารประกอบคลอโรฟลูออโรคาร์บอน
และก๊าซไนตรัสออกไซด์"
12,"ปัจจัยสำคัญที่ทำให้เกิดวิกฤตการณ์สิ่งแวดล้อมและทรัพยากรธรรมชาติของโลก
ที่ส่งผลต่อสุขภาพของมนุษย์คือข้อใด",ความเจริญของชุมชนเมือง,ความเจริญของอุตสาหกรรม,ความก้าวหน้าของเทคโนโลยี,การเพิ่มจำนวนประชากรมนุษย์,4,"  สาเหตุหลักที่ก่อให้เกิดปัญหาสิ่งแวดล้อมและทรัพยากรธรรมชาติในปัจจุบัน คือมนุษย์ ยิ่ง
ปัจจุบันประชากรมนุษย์เพิ่มจำนวนขึ้นอย่างต่อเนื่อง ความต้องการใช้ทรัพยากรย่อมมากขึ้นตาม
อีกทั้งมนุษย์ยังมีความรู้ความสามารถมากขึ้น ทำให้เกิดความเจริญก้าวหน้าทางอุตสาหกรรมเศษฐกิจ และ
เทคโนโลยี โดยที่ไม่ม่การวางแผนการใช้ทรัพยากร จึงส่งผลให้เกิดปัญหาดังกล่าว และในอนาคตทรัพยากรบาง
ชนิดอาจหมดไปจากโลกใบนี้","ตอบ 4.  สาเหตุหลักที่ก่อให้เกิดปัญหาสิ่งแวดล้อมและทรัพยากรธรรมชาติในปัจจุบัน คือมนุษย์ ยิ่ง
ปัจจุบันประชากรมนุษย์เพิ่มจำนวนขึ้นอย่างต่อเนื่อง ความต้องการใช้ทรัพยากรย่อมมากขึ้นตาม
อีกทั้งมนุษย์ยังมีความรู้ความสามารถมากขึ้น ทำให้เกิดความเจริญก้าวหน้าทางอุตสาหกรรมเศษฐกิจ และ
เทคโนโลยี โดยที่ไม่ม่การวางแผนการใช้ทรัพยากร จึงส่งผลให้เกิดปัญหาดังกล่าว และในอนาคตทรัพยากรบาง
ชนิดอาจหมดไปจากโลกใบนี้"
13,สารใดไม่จำเป็นสำหรับการแข็งตัวของเลือดในร่างกายคน,แคลเซี่ยม,วิตามินเค,ไฟบริโนเจน,โพแทสเซียม,4," ข้อ 1. แคลเซียมเป็นสารที่ทำปฏิกิริยากับเกล็ดเลือดเมื่อเลือดไหลผ่านและโปรตีนในเลือดทำให้เกิด
Plasma thromboplastion
ข้อ 2. วิตามินเค เป็นตัวสำคัญในการผลิต Thromboplastin  ทำให้ Prothromabin เปลี่ยนเป็น Thrombin
ข้อ 3. ไฟบริโนเจน เป็นโปรตีนในพลาสมา ให้แตกออกเป็น Fibrin เป็นเส้นใยเล็กๆซึ่งเป็นที่ยึดเกาะ
ของเม็ดเลือดแดงทำให้เกิดเลือดแข็งเป็นลิ่มเลือด
ข้อ4. โพแทสเซียม ไม่จำเป็นเลย","ตอบ 4 . ข้อ 1. แคลเซียมเป็นสารที่ทำปฏิกิริยากับเกล็ดเลือดเมื่อเลือดไหลผ่านและโปรตีนในเลือดทำให้เกิด
Plasma thromboplastion
ข้อ 2. วิตามินเค เป็นตัวสำคัญในการผลิต Thromboplastin  ทำให้ Prothromabin เปลี่ยนเป็น Thrombin
ข้อ 3. ไฟบริโนเจน เป็นโปรตีนในพลาสมา ให้แตกออกเป็น Fibrin เป็นเส้นใยเล็กๆซึ่งเป็นที่ยึดเกาะ
ของเม็ดเลือดแดงทำให้เกิดเลือดแข็งเป็นลิ่มเลือด
ข้อ4. โพแทสเซียม ไม่จำเป็นเลย"
14,"ภูมิอากาศของประเทศไทยที่มีลมมรสุมฤดูร้อนหรือลมมรสุมตะวันออกเฉียงใต้
ซึ่งส่งผลต่อสุขภาพของคนไทย จะเกิดขึ้นในช่วงเดือนใด",เมษายนถึงกลางเดือนมิถุนายน,พฤษภาคมถึงกลางเดือนตุลาคม,กรกฏาคมถึงกลางเดือนสิงหาคม,กันยายนถึงกลางเดือนพฤศจิกายน,2," พฤษภาคมถึงกลางเดือนตุลาคม เหตุผล ลมมรสุมฤดูร้อยหรือลมมรสุมตะวันตกเฉียงใต้ พัดปก
คลุมประเทศไทยในช่วงกลางเดือนพฤษภาคมถึงกลางเดือนตุลาคม มีแหล่งกำเนิดในบริเวณมหาสมุทรอินเดีย
มรสุมนี้ส่งผลต่อสุขภาพของคนไทยทั้งประเทศ","ตอบ 2.  พฤษภาคมถึงกลางเดือนตุลาคม เหตุผล ลมมรสุมฤดูร้อยหรือลมมรสุมตะวันตกเฉียงใต้ พัดปก
คลุมประเทศไทยในช่วงกลางเดือนพฤษภาคมถึงกลางเดือนตุลาคม มีแหล่งกำเนิดในบริเวณมหาสมุทรอินเดีย
มรสุมนี้ส่งผลต่อสุขภาพของคนไทยทั้งประเทศ"
15,ปรากฏการณ์ทางธรรมชาติที่เกี่ยวกับวาตภัยเป็นอันตรายที่เกิดจากสิ่งใด,ปรากฏการณ์ที่เกิดจากลม,ปรากฏการณ์ที่เกิดจากไฟ,ปรากฏกการณ์ที่เกิดจากน้ำ,ปรากฏการณ์ที่เกิดจากแสงแดด,1,"เป็นปรากฏการณ์ที่เกิดจากลม เหตุผลเพราะปรากฏการณ์ทางธรรมชาติที่เกี่ยวกับวาตภัยเป็นอันตราย
ที่เกิดจากลมที่พัดด้วจความแรง สร้างความเสียหายแก่สิ่งต่างๆ เช่น บ้านเรือน หรือสิ่งก่อสร้าง ต่างๆ 
รวมถึงชีวิตของประชาชน","ตอบ 1. เป็นปรากฏการณ์ที่เกิดจากลม เหตุผลเพราะปรากฏการณ์ทางธรรมชาติที่เกี่ยวกับวาตภัยเป็นอันตราย
ที่เกิดจากลมที่พัดด้วจความแรง สร้างความเสียหายแก่สิ่งต่างๆ เช่น บ้านเรือน หรือสิ่งก่อสร้าง ต่างๆ 
รวมถึงชีวิตของประชาชน"
16,ข้อใดไม่ใช่โรคที่เกิดจากการถ่ายทอดทางพันธุกรรม,โรคธาลัสซีเมีย,โรคตาบอดสี,โรคเอดส์,โรคฮีโมฟีเลีย,3,โรคเอดส์เป็นโรคที่ไม่ได้ถ่ายทอดทางพันธุกรรม,ตอบ 3. โรคเอดส์เป็นโรคที่ไม่ได้ถ่ายทอดทางพันธุกรรม
17,เฮโรอีน ในกฏหมายเกี่ยวกับยาเสพติดให้โทษ จัดเป็นยาเสพติดประเภทใด,ยาเสพติดประเภทที่ 1,ยาเสพติดประเภทที่ 2,ยาเสพติดประเภทที่ 3,ยาเสพติดประเภทที่ 4,1,"ยาเสพติดประเภทที่ 1 เพราะพระราชบัญญัติยาเสพติดให้โทษ พุทธศักราช 2522 จัดให้เฮโรอีน
ยาบ้าเป็นยาเสพติดประเภทที่ 1 ซึ่งมีโทษร้ายแรงมากที่สุด","ตอบ 1. ยาเสพติดประเภทที่ 1 เพราะพระราชบัญญัติยาเสพติดให้โทษ พุทธศักราช 2522 จัดให้เฮโรอีน
ยาบ้าเป็นยาเสพติดประเภทที่ 1 ซึ่งมีโทษร้ายแรงมากที่สุด"
18,อวัยวะข้อใดเกียวกับระบบย่อยอาหาร,ตับ,ไต,ปอด,กระเพาะ,4,กระเพาะ เป็นอวัยวะที่ทำหน้าที่ในการย่อยอาหาร,ตอบ 4. กระเพาะ เป็นอวัยวะที่ทำหน้าที่ในการย่อยอาหาร
19,ข้อใดไม่ได้เป็นการย่อยอาหารแบบเชิงกล,การบดเคี้ยวของฟัน,การบีบตัวของกระเพาะ,การบีบตัวของกล้ามเนื้อทางเดินอาหาร,การใช้น้ำย่อยที่กระเพาะ,4,ารใช้น้ำย่อยที่กระเพาะ ไม่ได้เป็ฯการย่อยอาหารแบบเชิงกล,ตอบ 4 การใช้น้ำย่อยที่กระเพาะ ไม่ได้เป็ฯการย่อยอาหารแบบเชิงกล
20,ข้อใดเป็นการย่อยอาหารทางเคมี,การบีบตัวของกระเพาะ,การบีบตัวของกล้ามเนื้อทางเดินอาหาร,การใช้น้ำย่อยที่กระเพาะ,การบดเคี้ยวอาหารในปาก,4,การบดเคี้ยวอาหารในปาก เป็นกระบวนการย่อยอาหารทางเคมี,ตอบ 4. การบดเคี้ยวอาหารในปาก เป็นกระบวนการย่อยอาหารทางเคมี
21,อวัยวะข้อใดเกียวข้องกับการย่อยอาหาร,ต่อมน้ำลาย,หลอดอาหาร,กระเพาะอาหาร,หัวใจ,4,หัวใจไม่ใช่เป็นอวัยวะที่ทำหน้าที่ย่อยอาหาร,ตอบ 4. หัวใจไม่ใช่เป็นอวัยวะที่ทำหน้าที่ย่อยอาหาร
22,อะไรทำให้เกิดการย่อยอาหารได้ดีขึ้น,น้ำปัสสาวะ,น้ำดี,น้ำเลือด,น้ำตา,2,"น้ำดี เป็นของเหลวสีเหลืองหรือเขียว มีรสขม หลังออกมาจากเซลล์ตับ เมื่อมีการรับประทานอาหาร
น้ำดีจะถูกปล่อยออกมาเข้าสู่ลำไส้เล็กส่วนต้น ทำหน้าที่ช่วยในการย่อยอาหาร","ตอบ 2. น้ำดี เป็นของเหลวสีเหลืองหรือเขียว มีรสขม หลังออกมาจากเซลล์ตับ เมื่อมีการรับประทานอาหาร
น้ำดีจะถูกปล่อยออกมาเข้าสู่ลำไส้เล็กส่วนต้น ทำหน้าที่ช่วยในการย่อยอาหาร"
23,น้ำลายถูกผลิตในส่วนใด,คอหอย,ต่อมน้ำลาย,ลิ้น,หลอดอาหาร,2,น้ำลายจะถูกผลิตที่ต่อมน้ำลาย,ตอบ 2. น้ำลายจะถูกผลิตที่ต่อมน้ำลาย
24,ข้อใดไม่ใช่หน้าที่ของลิ้น,คลุกเคล้าอาหารให้สัมผัสกับน้ำลาย,ช่วยในการกลืนอาหารจากคอหอย,สร้างน้ำย่อย,รับรู้รสของอาหาร,3,ลิ้นไม่ได้ทำหน้าที่ในการสร้างน้ำย่อย,ตอบ 3. ลิ้นไม่ได้ทำหน้าที่ในการสร้างน้ำย่อย
25,ข้อใดเป็นลักษณะของคอหอย,คลุกเคล้าอาหารให้สัมผัสกับน้ำลาย,ช่วยในการกลืนอาหารจากคอหอย,เป็นท่ออยู่หลังหลอดลมและปากเป็นที่อาหารและลมมาพบกัน,รับรู้รสของอาหาร,4,คอยหอยช่วยให้เกิดการรับรู้รสของอาหาร,ตอบ 4. คอยหอยช่วยให้เกิดการรับรู้รสของอาหาร
26,อาหารจะถูกดูดซึมเข้าร่างกายบริเวณใด,ลิ้น,ปาก,หลอดอาหาร,กระเพาะอาหาร,4,กระบวนการดูดซึมอาหารที่เรารับประทานเข้าไป จะถูกดูดซึมที่กระเพาะอาหาร,ตอบ 4. กระบวนการดูดซึมอาหารที่เรารับประทานเข้าไป จะถูกดูดซึมที่กระเพาะอาหาร
27,ข้อใดเป็นลักษณะของกระเพาะอาหาร,ลักษณะเป็นท่อขดไปมา ยาวประมาณ 6-8 เมตร,ลักษณะเป็นท่อหนา ติดกับช่องทวารหนัก,ลักษณะเป็นถุงขนาดใหญ่ ผนังด้านในเป็นรอยย่น,เป็นท่ออยู่หลังหลอดลมและปากเป็นที่อาหารและลมมาพบกัน,3,กระเพาะอาหารมีลักษณะเป็นถุงขนาดใหญ่ ผนังด้านในเป็นรอยย่น,ตอบ 3. กระเพาะอาหารมีลักษณะเป็นถุงขนาดใหญ่ ผนังด้านในเป็นรอยย่น
28,ข้อใดไม่ถูกต้องเกี่ยวกับการเป็นโรคความดันโลหิตสูง,อาจมีสาเหตุมาจากความอ้วน,อาจมีสาเหตุมาจากกินอาหารที่มีโซเดียมสูง,อาจมีสาเหตุมาจากกินอาหารที่มีน้ำตาลสูง,อาจมีสาเหตุมาจากกินอาหารที่เค็มจัด,3,"การเป็นโรคความดันโลหิตสูง มีแนวโน้มที่เกิดจากปัจจัยต่างๆ ยกเว้นอาหารที่มีน้ำตาลสูงเพราะ
หากกินมากๆ หรือกินอาหารที่มีน้ำตาลสูงต่อเนื่องกันนาน ๆ มีโอกาสที่จะเป็นโรคเบาหวาน","ตอบ 3. การเป็นโรคความดันโลหิตสูง มีแนวโน้มที่เกิดจากปัจจัยต่างๆ ยกเว้นอาหารที่มีน้ำตาลสูงเพราะ
หากกินมากๆ หรือกินอาหารที่มีน้ำตาลสูงต่อเนื่องกันนาน ๆ มีโอกาสที่จะเป็นโรคเบาหวาน"
29,ข้อใดต่อไปนี้ไม่ใช่อาการป่วยของผู้เป็นความดันโลหิตสูง,ปวดศรีษะ เวียนหัว มึนงง ตาพร่า,"คลื่นไส้ ใจสั่น ช่วงตื่นนอนหรือตอนเช้า ถ้าเป็น
มากปวดบริเวณท้ายทอย",เพลีย เหนื่อยง่าย ช่วงตื่นนอนหรือตอนเช้า,"ท้องผูก ขับถ่ายอุจจาระด้วยความลำบาก ต้องเบ่งและใช้แรงดัน
ให้ขับถ่ายอุจจาระออกมาหากเป็นเรื้อรัง เบ่งหรือดันอุจจาระอย่าง
ลำบาก จะมีเลือดออกตามมา",4,อาการดังกล่าว ไม่ใช่อาการป่วยของผู้เป็นความดันโลหิตสูง แต่เป็นอาการของผู้ป่วยด้วยโรคริดสีดวงทวานหนัก,ตอบ 4. อาการดังกล่าว ไม่ใช่อาการป่วยของผู้เป็นความดันโลหิตสูง แต่เป็นอาการของผู้ป่วยด้วยโรคริดสีดวงทวานหนัก
30,ข้อใดเป็นสัญญาณของการเป็นโรคความดันโลหิตสูง,"ความดันโลหิตขณะหัวใจบีบที่ 110 mmHg/ความดันโลหิตขณะ
หัวใจคลายตัวอยู่ที่ 60 mmHg","1. ความดันโลหิตขณะหัวใจบีบที่ 120 mmHg/ความดันโลหิตขณะ
หัวใจคลายตัวอยู่ที่ 70 mmHg","1. ความดันโลหิตขณะหัวใจบีบที่ 130 mmHg/ความดันโลหิตขณะ
หัวใจคลายตัวอยู่ที่ 80 mmHg","1. ความดันโลหิตขณะหัวใจบีบที่ 140 mmHg/ความดันโลหิตขณะ
หัวใจคลายตัวอยู่ที่ 90 mmHg",4,"คำตอบที่ถูกต้องคือความดันโลหิตขณะหัวใจบีบที่ 140 mmHg/ความดันโลหิตขณะหัวใจคลายตัวอยู่ที่ 90 mmHg
กล่าวคือ ค่าความดันโลหิตที่เหมาะสมโดยทั่วไปคือน้อยกว่า 140/90 mmHg","ตอบ 4. คำตอบที่ถูกต้องคือความดันโลหิตขณะหัวใจบีบที่ 140 mmHg/ความดันโลหิตขณะหัวใจคลายตัวอยู่ที่ 90 mmHg
กล่าวคือ ค่าความดันโลหิตที่เหมาะสมโดยทั่วไปคือน้อยกว่า 140/90 mmHg"
31,อาหารประเภทใดเหมาะสำหรับผู้เป็นโรคความดันโลหิตสูง,อาหารที่มีรสเค็ม,อาหารหมักดอง,อาหารที่มีไขมันอิ่มตัว,อาหารที่มีแคลเซียม,4,"อาหารที่เหมาะสำหรับผู้ที่เป็นโครความดันโลหิตสูง ก็คืออาหารที่มีแคลเซียม ส่วนอาหารที่มีสรเค็ม อาหารที่มี
ไขมันอิ่มตัว อาหารหมักดองนั้น ถือว่าเป็นอันตรายต่อผ็เป็นโรคความดันโลหิตสูงอย่างมาก","ตอบ 4. อาหารที่เหมาะสำหรับผู้ที่เป็นโครความดันโลหิตสูง ก็คืออาหารที่มีแคลเซียม ส่วนอาหารที่มีสรเค็ม อาหารที่มี
ไขมันอิ่มตัว อาหารหมักดองนั้น ถือว่าเป็นอันตรายต่อผ็เป็นโรคความดันโลหิตสูงอย่างมาก"
32,ผลไม้ประเภทใดที่เหมาะสำหรับผู้เป็นโรคความดันโลหิตสูง,กล้วย,ส้ม,องุ่น,ถูกทุกข้อ,4,ทั้งกล้วย ส้ม องุ่น ได้ผ่านงานวิจัยทางการแพทย์ออกมาแล้วว่าเหมาะสำหรับผู้เป็นโรคความดันโลหิตสูง,ตอบ 4. ทั้งกล้วย ส้ม องุ่น ได้ผ่านงานวิจัยทางการแพทย์ออกมาแล้วว่าเหมาะสำหรับผู้เป็นโรคความดันโลหิตสูง
33,"อาหารประเภทใดให้แคลเซียมและแมกนีเซียมในปริมาณที่สูงมาก และเหมาะกับ
ผู้ที่เป็นโรคความดันโลหิตสูง",กุ้งแห้ง,ปลากรอบ,นม,ถูกทุกข้อ,4,"ทั้งกุ้งแห้ง ปลากรอบ และนม ต่างก็เป็นอาหารที่ให้แคลเซียมและแมกนีเซียมสูง จึงเหมาะกับผู้ที่เป็นโรคความ
ดันโลหิตสูง","ตอบ 4. ทั้งกุ้งแห้ง ปลากรอบ และนม ต่างก็เป็นอาหารที่ให้แคลเซียมและแมกนีเซียมสูง จึงเหมาะกับผู้ที่เป็นโรคความ
ดันโลหิตสูง"
34,ข้อใดตคือภาวะแทรกซ้อนของโรคควมดันโลหิตสูง,เส้นเลือดในสมองแตก,ไตวาย,หัวใจล้มเหลว,ถูกทุกข้อ,4, ทุกข้อคือภาวะแทรกซ้อนที่เกิดขึ้นได้กับผู้เป็นโรคความดันโลหิตสูง,ตอบ 4.  ทุกข้อคือภาวะแทรกซ้อนที่เกิดขึ้นได้กับผู้เป็นโรคความดันโลหิตสูง
35,ผู้ที่มีร่างกายแข็งแรงควรเล่นกีฬาหรือออกกำลังกายวันละกี่นาที จึงจะเหมาะสม,10-15 นาที,15-20 นาที,30-45 นาที,45-60 นาที,3,"บุคคลทั่วไปไม่ว่าชายหรือหญิง ที่มีความสมบูรณ์แข็งแรง ไม่เจ็บป่วย และไม่เป็นโรคประจำตัว ที่การออก
กำลังกายจะทำให้เกิดความเสี่ยง การออกกำลังกายวัยละ 30 - 45 นาที คือระยะเวลาที่เหมาะสม","ตอบ 3. บุคคลทั่วไปไม่ว่าชายหรือหญิง ที่มีความสมบูรณ์แข็งแรง ไม่เจ็บป่วย และไม่เป็นโรคประจำตัว ที่การออก
กำลังกายจะทำให้เกิดความเสี่ยง การออกกำลังกายวัยละ 30 - 45 นาที คือระยะเวลาที่เหมาะสม"
36,ข้อใดเป็นวิธีการใช้ยาอย่างถูกต้อง,รับประทานยาตามแพทย์สั่งอย่างเคร่งครัด,ปรับปรุงการดำเนินชีวิตตามคำแนะนำของแพทย์หรือเภสัชกร,ปรึกษาแพทย์หรือเภสัชกรหากสงสัยในเรื่องการใช้ยา,ถูกทุกข้อ,4, ถูกทุกข้อ คือวิธีรับประทานยาอย่างถูกต้อง และมีความสำคัญเท่าๆกัน,ตอบ 4.  ถูกทุกข้อ คือวิธีรับประทานยาอย่างถูกต้อง และมีความสำคัญเท่าๆกัน
37,อาหารในข้อใดต่อไปนี้ มีคอเลสเตอรอลสูง,ไข่แดง,ปลาหมึก,กุ้ง,ถูกทุกข้อ,4,ทั้งไข่แดง ปลาหมึก กุ้ง ต่างก็เป็นอาหารที่มีคอเลสเตอรอลสูงทั้งนั้น,ตอบ 4. ทั้งไข่แดง ปลาหมึก กุ้ง ต่างก็เป็นอาหารที่มีคอเลสเตอรอลสูงทั้งนั้น
38,โรคมือเท้าปากในเด็กเล็ก มีสาเหตุมาจากการที่เด็กเล็กติดเชื้อประเภทใด,เชื่อไวรัส,เชื่อบักเตรี,เชื้อแบคทีเรีย,เชื้อปรสิต,1,โรคมือเท้าปากในเด็กเล็ก มีสาเหตุมาจากการที่เด็กเล็กติดเชื้อไวรัสในกลุ่มเอนเทอโรไวรัส,ตอบ 1. โรคมือเท้าปากในเด็กเล็ก มีสาเหตุมาจากการที่เด็กเล็กติดเชื้อไวรัสในกลุ่มเอนเทอโรไวรัส
39,ข้อใดคือยาเสพติดประเภทที่ 1 ,เฮโรอีน ยาบ้า,มอร์ฟีน โคเคน,ตำรับยาทั้งชนิดเม็ดและชนิดน้ำ,สารเคมีที่นำมาใช้ในการผลิตยาเสพติดให้โทษ,1,"พระราชบัญญัติยาเสพติดให้โทษ พุทธศักราช 2522 จัดให้เฮโรอีน ยาห้า เป็นยาเสพติด ประเภทที่ 1 
ซึ่งมีโทษร้ายแรงมากที่สุด","ตอบ 1. พระราชบัญญัติยาเสพติดให้โทษ พุทธศักราช 2522 จัดให้เฮโรอีน ยาห้า เป็นยาเสพติด ประเภทที่ 1 
ซึ่งมีโทษร้ายแรงมากที่สุด"
40,ข้อใดคือยาเสพติดประเภทที่ 2 ,เฮโรอีน ยาบ้า,มอร์ฟีน โคเคน,อาเซติคแอนไฮไดรด์ อาเซติลคลอไรด์,ตำรับยาทั้งชนิดเม็ดและน้ำ,2,มอร์ฟีน และโคเคน คือยาเสพติดประเภทที่ 2 อันได้แก่ยาเสพติดให้โทษทั่วไป,ตอบ 2. มอร์ฟีน และโคเคน คือยาเสพติดประเภทที่ 2 อันได้แก่ยาเสพติดให้โทษทั่วไป
41,ข้อใดคือยาเสพติดประเภทที่ 3,กัญชา,อาเซติคแอนไฮไดรด์ อาเซติลคลอไรด์,ตำรับยาทั้งชนิดเม็ดและชนิดน้ำ,สารเคมีที่นำมาใช้ในการผลิตยาเสพติดให้โทษ,3,ตำรับยาทั้งชนิดเม็ดและน้ำ คือยาเสพติดประเภทที่ 3,ตอบ 3. ตำรับยาทั้งชนิดเม็ดและน้ำ คือยาเสพติดประเภทที่ 3
42,ข้อใดคือยาเสพติดประเภทที่ 4 ,เฮโรอีน ยาบ้า,มอร์ฟีน โคเคน,กัญชา,สารเคมีที่นำมาใช้ในการผลิตยาเสพติดให้โทษ,4,"เป็นสารเคมีที่นำมาใช้ในการผลิตยาเสพติดให้โทษประเภทที่ 1 และประเภทที่ 2 เช่น อาเซติคแอนไฮโดรด์
อาเซติลคลอไรด์ เป็นต้น","ตอบ 4. เป็นสารเคมีที่นำมาใช้ในการผลิตยาเสพติดให้โทษประเภทที่ 1 และประเภทที่ 2 เช่น อาเซติคแอนไฮโดรด์
อาเซติลคลอไรด์ เป็นต้น"
43,ข้อใดคือยาเสพตดประเภทที่ 5,กัญชา,อาเซติคแอนไฮไดรด์ อาเซติลคลอไรด์,ตำรับยาทั้งชนิดเม็ดและชนิดน้ำ,สารเคมีที่นำมาใช้ในการผลิตยาเสพติดให้โทษ,1,กัญชา คือยาเสพติดประเภทที่ 5 ที่ไม่อยู่ในประเภทที่ 1-4,ตอบ 1. กัญชา คือยาเสพติดประเภทที่ 5 ที่ไม่อยู่ในประเภทที่ 1-4
44,ปัญหาในข้อใดเกิดขึ้นจากการติดยาเสพติด,ปัญหาด้านสุขภาพกาย,ปัญหาด้านสุขภาพจิต,ปัญหาด้านความสัมพันธ์กับครอบครัว,ถูกทุกข้อ,4,"ถูกทุกข้อ ล้วนเป็นปัญหาที่เกิดขึ้นจากการติดยาเสพติด แต่ความจริงแล้วปัญหาที่เกิดขั้นจากการติดยาเสพติดมี
มากกว่านั้น เช่น ปัญหาอาชญากรรม ปัญหาสังคม ปัญหาเศรษฐกิจ เป็นต้น","ตอบ 4. ถูกทุกข้อ ล้วนเป็นปัญหาที่เกิดขึ้นจากการติดยาเสพติด แต่ความจริงแล้วปัญหาที่เกิดขั้นจากการติดยาเสพติดมี
มากกว่านั้น เช่น ปัญหาอาชญากรรม ปัญหาสังคม ปัญหาเศรษฐกิจ เป็นต้น"
45,"ข้อใดเป็นผลข้างเคียงมาจากการรับประทานยาแก้แพ้ ที่มักจะเกิดขึ้นกับคนส่วนใหญ่
ที่รับประทานเข้าไป",ง่วงนอน เชื่องซึม,สดชื่น แจ่มใส,มีพลัง ตื่นตัวตลอดเวลา,ถูกทุกข้อ,1,ผลข้างเคียงจากการรับประทานยาแก้แพ้ที่มักจะเกิดขึ้นกับคนส่วนใหญ่ก็คืออาการง่วงนอนเซื่องซีม,ตอบ 1. ผลข้างเคียงจากการรับประทานยาแก้แพ้ที่มักจะเกิดขึ้นกับคนส่วนใหญ่ก็คืออาการง่วงนอนเซื่องซีม
46,7 วันอันตรายในช่วงปีใหม่ ปี 2559 คือระหว่างวันที่เท่าใด,28 ธันวาคม 2558 ถึง 3 มกราคม 2559,29 ธันวาคม 2558 ถึง 4 มกราคม 2559,30 ธันวาคม 2558 ถึง 5 มกราคม 2559,31 ธันวาคม 2558 ถึง 6 มกราคม 2559,2,"29 ธันวาคม 2558 ถึง 4 มกราคม 2559 เพราะ 7 วันอันตรายในช่วงปีใหม่ ปี 2559 คือตั้งแต่วันอังคาร
ที่ 29 ธันวาคม 2558 ถึงวันจันทร์ที่ 4 มกราคม 2559","ตอบ 2. 29 ธันวาคม 2558 ถึง 4 มกราคม 2559 เพราะ 7 วันอันตรายในช่วงปีใหม่ ปี 2559 คือตั้งแต่วันอังคาร
ที่ 29 ธันวาคม 2558 ถึงวันจันทร์ที่ 4 มกราคม 2559"
47,เด็กแรกเกิดมีสิทธิได้รับเงินอุดหนุนเดือนละเท่าไร,300 บาท,400 บาท,500 บาท,600 บาท,2,400 บาท เพราะเด็กแรกเกิดมีสิทธิ์ได้รับเงินอุดหนุนเดือนละ 400 บาท,ตอบ 2. 400 บาท เพราะเด็กแรกเกิดมีสิทธิ์ได้รับเงินอุดหนุนเดือนละ 400 บาท
48,สิ่งใดที่มีคุณค่าต่อการดำรงชีวิต และสุขศึกษาของมนุษย์มากที่สุด,ทรัพยากรธรรมชาติ,แก้วแหวนเงินทอง,ยบ้าน ที่ดิน,รถยนต์,1,"ในการดำเนินชีวติประจำวันของมนุษย์ต้องพึ่งพาอาศัยสิ่งแวดล้อมทางธรรมชาติมากที่สุด เพื่อมำมาผลิตสินค้า
และบริการบำบัดความต้องการที่ไม่จำกัดของประชาชน","ตอบ 1. ในการดำเนินชีวติประจำวันของมนุษย์ต้องพึ่งพาอาศัยสิ่งแวดล้อมทางธรรมชาติมากที่สุด เพื่อมำมาผลิตสินค้า
และบริการบำบัดความต้องการที่ไม่จำกัดของประชาชน"
49,สินค้าประเภคใดที่อาจเป็นอันตรายต่อสุขภาพ ผู้บริโภคไม่ควรเลือกบริโภคมากที่สุด,นมกล่อง,น้ำอัดลม,ขนมขบเคี้ยว,ทั้งข้อ 2. และ 3. ,4,"น้ำอัดลม และขนมขบเคี้ยว หารรับประทานมากๆ จะส่งผลต่อร่างกาย และเป็นอันตรายต่อสุขภาพ น้ำอัดลม
อาจทำให้เป็นโรคอ้วน เบาหวาน นิ่ว กระดูกผุ ส่วนขนมขบเคี้ยวอาจำให้เป็นโรคอ้วนหรือมีน้ำหนักเกิน","ตอบ 4. น้ำอัดลม และขนมขบเคี้ยว หารรับประทานมากๆ จะส่งผลต่อร่างกาย และเป็นอันตรายต่อสุขภาพ น้ำอัดลม
อาจทำให้เป็นโรคอ้วน เบาหวาน นิ่ว กระดูกผุ ส่วนขนมขบเคี้ยวอาจำให้เป็นโรคอ้วนหรือมีน้ำหนักเกิน"
50,ประเทศใดได้ชื่อว่าจักการกับระบบขยะได้ดีที่สุด,อังกฤษ,ญี่ปุ่น,เยอรมนี,จีน,2,"ประเทศญี่ปุ่นได้ชื่อว่าจัการกับระบบขยะได้ดีที่สุด เพราะมีกฏหมายด้านการจัดการขยะโดยเฉพาะทุกภาคส่วน
ต้องมีส่วนร่วมในการรับผิดชอบการจัดการขยะ และกฏหมายดังกล่าวนำมาบังคับใช้ได้อย่างมีประสิทธิภาพ ส่งผลให้ประ
สบผลสำเร็จในด้านการกำจัดขยะสูงที่สุด","ตอบ 2. ประเทศญี่ปุ่นได้ชื่อว่าจัการกับระบบขยะได้ดีที่สุด เพราะมีกฏหมายด้านการจัดการขยะโดยเฉพาะทุกภาคส่วน
ต้องมีส่วนร่วมในการรับผิดชอบการจัดการขยะ และกฏหมายดังกล่าวนำมาบังคับใช้ได้อย่างมีประสิทธิภาพ ส่งผลให้ประ
สบผลสำเร็จในด้านการกำจัดขยะสูงที่สุด"
51,"ตามกฏหมายแรงงาน ได้บัญญัติ ""ห้ามมิให้คนทำงานในที่ที่มีเสียงเกิน 85 เดซิเบล
เป็นเวลานาน 8 ชั่วโมง ใน 5 วันของสัปดาห์"" ข้อใดสอดคล้องกับข้อความข้างต้น","คนงานใช้เวลาทำงานวันละ 8 ชั่วโมง ติดต่อกันถึง5 วัน ในที่ที่มีเสียงดัง
เกิน 85 เดซิเบลไม่ได้","คนงานจะทำงาน 8 ชั่วโมง ใน 5 วัน ในที่ที่มีเสียงดังเกินกว่า
85 เดซิเบลไม่ได้

","ในหนึ่งสัปดาห์คนงานสามารถทำงานวันละ 8 ชั่งโมง ติดต่อกัน
5 วัน ในที่ที่มีเสียงดังเกิน 85 เดซิเบลได้","ตคนงานอาจทำงานวันละ 8 ชั่วโมง ติดต่อกันถึง 5 วัน ในที่ที่มี
เสียงดังเกิน 85 เดซิเบลได้",1,คนงานใช้เวลาทำงานวันละ 8 ชั่วโมง ติดต่อกันถึง 5 วัน ในที่มีเสียงดังเกิน 85 เดซิเบลไม่ได้,ตอบ 1. คนงานใช้เวลาทำงานวันละ 8 ชั่วโมง ติดต่อกันถึง 5 วัน ในที่มีเสียงดังเกิน 85 เดซิเบลไม่ได้
52,"""อาหารหมักดองมีส่วนประกอบของเกลือและน้ำตาล จึงทำให้อาหารหมักดองมีโซเดียมสูง
และเป็นอันตรายต่อสุขภาพ หากรับประทานเข้าไปเป็นประจำ โซเดียมจะเข้าไปสะสม
อยู่ในร่างกาย ทำให้เสี่ยงต่อการเป็นโรคความดันโลหิตสูง ระบบปัสวะได้รับผลกระทบและ
ที่เป็นอันตรายที่สุดอาจเป็นโรคไหลตาย"" ข้อใดกล่าวถูกต้อง",ทานอาหารที่มีเกลือและน้าตาลเยอะๆ มีโอกาสเสี่ยงเป็นโรคไหลตาย,อาหารหมักดองมีประโยชน์ต่อผู้ที่เป็นโรคความดันต่ำ,เกลือและน้ำตาลมีส่วนประกอบของโซเดียม,อาหารหมักดองอาจเป็นสาเหตุของโรคความดันโลหิตสูง,2,อาหารหมักดองมีประโยชน์ต่อผู้ที่เป็นโรคความดันต่ำ,ตอบ 2. อาหารหมักดองมีประโยชน์ต่อผู้ที่เป็นโรคความดันต่ำ
53,"""มลภาวะส่วนใหญ่นั้นมาจากการใช้ถ่านหินเป็นเชื้อเพลิง ดังนั้นการปิดโรงไฟฟ้าย่อมสร้าง
การเปลี่ยนแปลงได้อย่างชัดเจนรวมทั้งการเปลี่ยนไปใช้พลังงานอย่างก๊าซธรรมชาติทดแทน
ก็จะสะอาดกว่าการใช้ถ่านหิน แม้ว่าอาจจะมีต้นทุนที่สูงขึ้นเล็กน้อย"" ข้อใดไม่ถูกต้อง",เชื้อเพลิงจากถ่านหินต้นทุนต่ำกว่าก๊าซธรรมชาติ,มลภาวะส่วนใหญ่มาจากโรงไฟฟ้าที่ใช้ถ่านหินเป็นเชื้อเพลิง,ก๊าซธรรมชาติให้มลภาวะน้อยกว่าถ่านหิน,ก๊าซธรรมชาติมีต้นทุนน้อยกว่าเชื้อเพลิงจากถ่านหิน,4,ก๊าซธรรมชาติมีต้นทุนน้อยกว่าเชื้อเพลิงจากถ่านหิน,ตอบ 4. ก๊าซธรรมชาติมีต้นทุนน้อยกว่าเชื้อเพลิงจากถ่านหิน
54,"""บุหรี่ 1 มวลมีสารก่อมะเร็ง 70 ชนิด สารพิษอื่น ๆ 250 ชนิด สารทั่วไปที่ก่อให้เกิดความ
ระคายเคืองสะสมและทำให้เกิดโรคมากถึง 7000 ชนิด ส่วน ""ควันบุหรี่มือสองมือสาม""
มีสารก่อมะเร็งเช่นเดี่ยวกับบุหรี่ ทำลายสิ่งแวดล้อมและคนรอบข้าง ในเด็กที่ได้รับควัน
มือสองตั้งแต่เล็ก ๆ อย่างสม่ำเสมอ โตขึ้นจะทำให้เป็นโรคเบาหวานได้ ส่วนควันบุหรี่มือสาม
จะติดตามเสื้อผ้า ผิวหนัง เส้นผม สภาพแวดล้อมในห้อง อย่างเช่น พรม โซฟา เป็นต้น
หากได้รับสม่ำเสมอในปริมาณมาก จะก่อให้เกิดโรคได้เช่นกัน"" ข้อใดไม่ถูกต้อง",ควันบุหรี่มือสองมือสามมีสารก่อมะเร็งเชนเดียวกับการสูบบุหรี่,กลิ่นบุหรี่ที่ติดตามเสื้อผ้าไม่ทำให้เกิดสารพิษ,บุหรี่ทำให้เกิดโรคได้มากถึง 7000 ชนิด,หากได้รับควันบุหรี่สม่ำเสมอ จะมีโอกาสเป็นโรคต่างๆ ได้,4,กลิ่นบุหรี่ที่ติดตามเสือ้ผ้าทไม่ทำให้เกิดสารพิษ,ตอบ 4. กลิ่นบุหรี่ที่ติดตามเสือ้ผ้าทไม่ทำให้เกิดสารพิษ
55,"""ไขมันในช่องท้องถือว่าเป็นอันตรายกว่าไขมันส่วนอื่นๆ ของร่างกายเพราะสามารถสลาย
เป็นกรดไขมันอิสระเข้าสู่กระแสเลือด และไปยับยั้งกระบวนการเผาผลาญกลูโคสใน
กล้ามเนื้อ ทำให้ระดับน้ำตาลในเลือดสูงขึ้น เกิดภาวะดื้อต่ออินซูลิน คนที่ลงพุงจึงเสี่ยง
ต่อโรคเบาหวาน ความดันโลหิตสูง ไขมันในเลือดสูง โรคหัวใจ กรดไหลย้อน เสื่อมสมรรถ
ทางเพศ ตลอดจนเสี่ยงต่อโรคมะเร็งบางชนิด ฯลฯ ข้อใดไม่ถูกต้อง",1.ไขมันในช่องท้องไม่สามารถย่อยสลายได้,เมื่อพลังงานจากอาหารมากพลังงานที่ร่างกายใช้ออกไปจะทำให้ลงพุง,เมื่อมีไขมันในช่องท้อง จะเสี่ยงต่อการเป็นโรคหัวใจ,คนที่ไม่ออกกำลังกายจะมีโอกาสเสื่อมสมถรรภาพทางเพศ,1,ไขมันในช่องท้องไม่สามารถสลายตัวได้,ตอบ 1. ไขมันในช่องท้องไม่สามารถสลายตัวได้
56,"""หากมีอาการของหวัดมีน้ำมูกใสๆ ไหลออกมา ควรรับประทานอาหารที่มีส่วนผสมของ
สมุนไพรรสเผ็ดร้อน เช่นพริกไทย ขิงสด กระเทียม เป็นต้น อาการคัดจมูก น้ำมูกไหลก็จะ
บรรเทาลง หากไอและมีเสมหะร่วมด้วย สามารถนำมะนาว หรือมะแว้ง มาทำให้ชุ่มคอ
ลดอาการไอ และขับเสมหะ โดยใช้ผลสดคั้นน้ำเข้มข้น ใส่เกลือลงไปเล็กน้อย จิบหรือ
ดื่มบ่อย ๆ ก็ได้ หรืออาจนำเนื้อฝักแก่ของมะชามที่มีรสเปรี้ยวจิ้มรับประทานพอสมควร
ก็ได้ เนื่องจากมะขามมีกรดอนินทรีย์เป็นส่วนประกอบ ทำให้มีฤทธิ์ระบายและลดความ
ร้อนของร่างกาย"" .. จากข้อมูลดังกล่าว สมุนไพรใดไม่มีฤทธิ์ลดการไอแบบมีเสมหะ",มะนาว,มะขาม,มะแว้ง,ขิงสด,4,สมุนไพรที่ไม่มีฤทธิ์ลดการไอแลลมีเสมหะได้กี ขิงสด,ตอบ 4. สมุนไพรที่ไม่มีฤทธิ์ลดการไอแลลมีเสมหะได้กี ขิงสด
57,ข้อสรุปใดต่อไปนี้ ไม่ถูกต้อง,มะขามเปรี้ยวสามารถลดความร้อนของร่างกายได้,2.กระเทียมเป็นสมุนไพรรสเผ็ดร้อน สามารถบรรเทาอาการหวัดได้,มะนาวช่วยบรรเทาอาการคัดจมูก น้ำมูกไหล,การทานขิงสดจะสามารถบรรเทาอาการคัดจมูก น้ำมูกไหลได้,3,เพราะมะนาวไม่สามารถช่วยบรรเทาอาการคัดจมูก น้ำมูกไหลได้,ตอบ 3. เพราะมะนาวไม่สามารถช่วยบรรเทาอาการคัดจมูก น้ำมูกไหลได้
58,วิธีการถนอมอาหารแบบสเตอริไลเซชั่นเป็นการทำลายจุลินทรีย์ตามข้อใด,เป็นการฆ่าจุลินทรีย์ให้ตายหมด,เป็นการทำลายจุลินทรีย์ได้ 65%,เป็นการทำลายจุลินทรีย์บางชนิดได้,เป็นการยับยั้งจุลินทรีย์ระยะเวลาหนึ่งเท่านั้น,1,เพราะการช้าความร้อนแบบสเตอริไลเซชั่นจะมีอุณหภูมิ 120 องศาเซลเซียส เป็นการฆ่าจุลินทรีย์ให้ตายได้ทั้งหมด,ตอบ 1. เพราะการช้าความร้อนแบบสเตอริไลเซชั่นจะมีอุณหภูมิ 120 องศาเซลเซียส เป็นการฆ่าจุลินทรีย์ให้ตายได้ทั้งหมด
59,อาหารในข้อใดจะย่อยได้ดีในกระเพาะอาหาร,ปลาปิ้งเกลือ,มันเชื่อม, ขนมปังทาเนย,ขนมมะพร้าวแก้ว,1,ปลาปิ้งเกลือให้สารอาหารโปรตีน และโปรตีนจะถูกย่อยได้ดีที่กระเพาะอาหาร,ตอบ 1. ปลาปิ้งเกลือให้สารอาหารโปรตีน และโปรตีนจะถูกย่อยได้ดีที่กระเพาะอาหาร
60,ก๊าซในข้อใดทำให้เกิดปรากฏการณ์เรือนกระจก,ก๊าซคาร์บอนไดออกไซด์,ก๊าซ CFC,ก๊าซบิวเทน, ก๊าซซับเฟอร์ไดออกไซด์,1,ก๊าซคาร์บอนไดออกไซด์ทำให้เกิดปรากฏการณ์เรือนกระจก,ตอบ 1. ก๊าซคาร์บอนไดออกไซด์ทำให้เกิดปรากฏการณ์เรือนกระจก
61,สารเคมีชนิดใดเป็นตัวทำลายโอโซนในชั้นบรรยากาศและให้เกิดปรากฏการณ์เรือนกระจก,ไนโตรเจน,ออกซิเจน,ซัลเฟอร์,คลอโรฟลูออโรคาร์บอน,4,สารคลอดรฟลูออโคคาร์บอนเป็นก๊าซที่มีอะตอมของธาติคลอรีนซึ่งเป็นตัวทำลายโมเลกุลของโอโซนในบรรยากาศ,ตอบ 4. สารคลอดรฟลูออโคคาร์บอนเป็นก๊าซที่มีอะตอมของธาติคลอรีนซึ่งเป็นตัวทำลายโมเลกุลของโอโซนในบรรยากาศ
62,เพราะเหตุใดจึงไม่ควรนำต้นไม้มาวางในห้องนอน,ต้นไม้ทำให้ห้องนอนมีอากาศเย็นจนเกินไป,ต้นไม้ทำให้ห้องนอนสกปรกรกรุงรัง,ต้นไม้ใช้ก๊าซคาร์บอนไดออกไซด์ และปล่อยก๊าซออกจิเจนออกมา,ต้นไม้ใช้ก๊าซออกซิเจน และปล่อยก๊าซคาร์บอนไดออกไซด์ออกมา,4,ต้นไม้คายคาร์บอนไดออกไซด์ในยามกลางคืน จึงไม่ควรนำต้นไม้ไว้ในห้องนอน,ตอบ 4. ต้นไม้คายคาร์บอนไดออกไซด์ในยามกลางคืน จึงไม่ควรนำต้นไม้ไว้ในห้องนอน
63,ข้อใดเป็นความสำคัญของป่าไม้ที่มีผลโดยตรงต่อมนุษย์มากที่สุด,เป็นแหล่งพักผ่อนหย่อนใจและแหล่งท่องเที่ยวที่สำคัญของประเทศ,เป็นแหล่งรักษาสมดุลธรรมชาติและให้ปัจจัยสี่ทั้งทางตรงและทางอ้อม,เป็นแหล่งที่อยู่อาศัยของสัตว์ป่าและเป็นแหล่งอาหารของมนุษย์,เป็นแหล่งที่อยู่ของทรัพยากรธรรมชาติที่สำคัญสำหรับมนุษย์ เหมาะ สำหรับศึกษาธรรมชาติ,2,"ความสำคัญของป่าไม้ ในด้านเป็นแหล่งรักษาสมดุลธรรมชาติและให้ปัจจัยที่ทั้งทางตรงและทางอ้อมที่มีผล
โดยตรงต่อมนุษย์มากที่สุด","ตอบ 2. ความสำคัญของป่าไม้ ในด้านเป็นแหล่งรักษาสมดุลธรรมชาติและให้ปัจจัยที่ทั้งทางตรงและทางอ้อมที่มีผล
โดยตรงต่อมนุษย์มากที่สุด"
64,ผู้ป่วยที่ถูกตัดตับออกไปจะมีปัญหาอย่างไร,ไม่สามารถย่อยอาหารที่มีแป้งได้,ไม่สามารถย่อยอาหารที่มีโปรตีน และแป้งได้,ไม่สามารถย่อยอาหารที่มีไขมันได้,ไม่สามารถย่อยอาหารที่มีกากใยได้,3,ไม่สามารถย่อยอาหารที่มีไขมันได้ เพราะตับมีหน้าที่ผลิตเอนไซม์ที่ใช้ย่อยไขมัน,ตอบ 3. ไม่สามารถย่อยอาหารที่มีไขมันได้ เพราะตับมีหน้าที่ผลิตเอนไซม์ที่ใช้ย่อยไขมัน
65,วิตามินในข้อใดถ้าขาดจะทำให้เป็นหมัน อาจทำให้แท้งได้,วิตามินซี,วิตามินอี,วิตามินเค,วิตามินบี 1,2,หากขาดวิตามินอีจะทำให้เป็นหมัน และอาจทำให้แท้งได้,ตอบ 2. หากขาดวิตามินอีจะทำให้เป็นหมัน และอาจทำให้แท้งได้
66,ยาเสพติดในข้อใดมีฤทธิ์ทำให้สมองมึนงง ประสาทชา ง่วงซึม หมดความเป็นตัวของตัวเอง,ยาบ้า กระท่อม,ฝิ่น มอร์ฟีน,เหล้าแห้ง เห็ดขี้ควาย,กัญชา แอมเฟตามีน,2,ฝิ่นและมอร์ฟีนมีฤทธิ์ทำให้สมองมึนงง ประสาทชา ง่วงซึม หมดความเป็นตัวของตัวเอง,ตอบ 2. ฝิ่นและมอร์ฟีนมีฤทธิ์ทำให้สมองมึนงง ประสาทชา ง่วงซึม หมดความเป็นตัวของตัวเอง
67,โรคพิษสุนัขบ้าอาจติดต่อได้จากสัตว์ต่อไปนี้ ยกเว้นข้อใด,วัว,แมว,ชะนี,นก,4,เพราะนกไม่ใช่สัตว์เลี้ยงลูกด้วยนม จึงไม่ติดโรคพิษสุนัขบ้า ซึ่งจะติดต่อกันได้ในสัตว์เลี้ยงลูกด้วยนม,ตอบ 4. เพราะนกไม่ใช่สัตว์เลี้ยงลูกด้วยนม จึงไม่ติดโรคพิษสุนัขบ้า ซึ่งจะติดต่อกันได้ในสัตว์เลี้ยงลูกด้วยนม
68,ข้อใดต่อไปนี้ คือจำนวนที่ถูกต้องของทีมวอลเล่ย์บอล 1 ทีม,ผู้เล่นไม่เกิน 8 คน ผู้ฝึกสอน 1 คน ผู้ช่วยผู้ฝึกสอน 2 คน เทรนเนอร์ 1 คน และแพทย์ 1 คน,ผู้เล่นไม่เกิน 10 คน ผู้ฝึกสอน 1 คน ผู้ช่วยผู้ฝึกสอน 1 คน เทรนเนอร์ 2 คน และแพทย์ 1 คน, ผู้เล่นไม่เกิน 12 คน ผู้ฝึกสอน 1 คน ผู้ช่วยผู้ฝึกสอน 1 คน เทรนเนอร์ 1 คน และแพทย์ 1 คน,ผู้เล่นไม่เกิน 14 คน ผู้ฝึกสอน 1 คน ผู้ช่วยผู้ฝึกสอน 2  คน เทรนเนอร์ 2 คน และแพทย์ 1 คน,3,"วอลเลย์บอล 1 ทีม ประกอบด้วยผู้เล่นไม่เกิน 12 คน ผู้ฝึกสอน 1 คน ผู้ช่วยผู้ฝึกสอน 1 คน เทรนเนอร์ 1 คน
และแพทย์ 1 คน","ตอบ 3. วอลเลย์บอล 1 ทีม ประกอบด้วยผู้เล่นไม่เกิน 12 คน ผู้ฝึกสอน 1 คน ผู้ช่วยผู้ฝึกสอน 1 คน เทรนเนอร์ 1 คน
และแพทย์ 1 คน"
69,จากข้อ 68 ในการแข่งขัน ทีมจะส่งผู้เล่นลงสนามได้ครั้งละกี่คน,ผู้เล่นจะลงเล่นในสนามได้ครั้งละ 6 คน โดยแบ่งออกเป็หน้าตาข่าย 3 คน และด้านหลังอีก 3 คน,1. ผู้เล่นจะลงเล่นในสนามได้ครั้งละ 8 คน โดยแบ่งออกเป็หน้าตาข่าย4 คน และด้านหลังอีก 4 คน,1. ผู้เล่นจะลงเล่นในสนามได้ครั้งละ 10 คน โดยแบ่งออกเป็หน้าตาข่าย 5 คน และด้านหลังอีก 5 คน,ผู้เล่นจะลงเล่นในสนามได้ครั้งละ 12 คน โดยแบ่งออกเป็หน้าตาข่าย 6 คน และด้านหลังอีก 6 คน,1,ผู้เล่นจะลงเล่นในสนามได้ครั้งละ 6 คน โดยแบ่งออกเป็นหน้าต่าข่าย 3 คน และด้านหลังอีก 3 คน,ตอบ 1. ผู้เล่นจะลงเล่นในสนามได้ครั้งละ 6 คน โดยแบ่งออกเป็นหน้าต่าข่าย 3 คน และด้านหลังอีก 3 คน
70,ข้อใดคือกฏกติกาที่ถูกต้องของกีฬาฟุตซอล,จะมีผู้เล่นทั้งสองทีม ทีมละไม่เกิน 5 คนอยู่บนสนาม และหนึ่งใน 5 คนนี้ ต้องเป็นผู้รักษาประตู,อนุญาติให้มีผู้เล่นสำรองไม่เกิน 7 คน,อนุญาให้เปลี่ยนตัวผู้เล่นเมื่อไหร่ก็ได้ไม่จำกัดจำนวน สามารถเปลี่ยนตัวได้ตลอดเวลา,ถูกทุกข้อ,4,ถูกทุกข้อคือกฏกติกาที่ถูกต้องของกีฬาฟุตซอล,ตอบ 4. ถูกทุกข้อคือกฏกติกาที่ถูกต้องของกีฬาฟุตซอล
71,ข้อใดคือขนาดถูกต้องของสนามฟุตซอล,"สนามแข่งขันต้องเป็นรูปสี่เหลี่ยมผืนผ้า กว้างประมาณ 100-130 หลา ส่วนด้านกว้าง กว้าง
ประมาณ 50 - 100 หลา โดยแบ่งเขตแดนออกเป็น 2 ฝั่ง อย่างละเท่าๆ กัน มีประตูขนาดกว้าง
8 หลา สูง 8 ฟุต มีเขตโทษซึ่งนับห่างจากโกล ห่าง 18 หลา","สนามแข่งขันต้องเป็นรูปสี่เหลี่ยมผืนผ้า ความยาวเส้นข้างต้องยาวกว่าความยาวเส้นประตู
โดยสนามมีความยาวต่ำสุด 25 เมตร สูงสุด 42 เมตร ความกว้างต่ำสุด 15 เมตร สูงสุด 25 เมตร","สนามเป็นรูปสีเหลี่ยมผืนผ้า กว้าง 16 เมตร (เส้นหลัง) ยาว 32 เมตร (เส้นข้าง) สนามแบ่งเป็น
สองส่วนเท่าๆกัน ด้วยเส้นแบ่งแดน ขนาดสนามนี้จะเปลี่ยนแปลงได้ตามความเหมาะสม โดยมี
บริเวณเขตรอบสนามอย่างน้อย 1 เมตร ถ้าเป็นสนามในร่ม ความสูงจากพื้นสนามขึ้นไปไม่ควร
น้อยกว่า 6 เมตร","ขนาดสี่เหลี่ยมผืนผ้า ยาว 40 เมตร กว้าง 20 เมตร มีเส้นรอบสนามและเขตประตู โดยประตูจะต้อง
มีขนาดสูง 2 เมตร กว้าง 3 เมตร ตั้งอยู่ทั้งสองฝั่ง มีพื้นที่รอบสนามห่างจากเส้นขอบสนามอย่างน้อย
 1 เมตร  ห่างจากหลังประตู 2 เมตร",2,ขนาดที่ถูกต้องของสนามฟุตซอลคือ ข้อ2,ตอบ 2. ขนาดที่ถูกต้องของสนามฟุตซอลคือ ข้อ2
72,ข้อใดคือกฏกติการที่ถูกต้องของการแข่งขันกีฬาฟุตบอล,มีจำนวนฝั่งละ 11 คน โดยที่เป็นผู้รักษาประตู 1 คน,มีจำนวนฝั่งละ 12 คน โดยที่เป็นผู้รักษาประตู 1 คน,มีจำนวนฝั่งละ 12 คน โดยที่เป็นผู้รักษาประตู 1 คน,มีจำนวนฝั่งละ 14 คน โดยที่เป็นผู้รักษาประตู 1 คน,1,กฏกติกาที่ถูกต้องของการแข่งขันกีฬาฟุตบอลคือ ต้องมีผู้เล่นฝั่งละ 11 คน โดยมีผู้รักษาประตู 1 คน,ตอบ 1. กฏกติกาที่ถูกต้องของการแข่งขันกีฬาฟุตบอลคือ ต้องมีผู้เล่นฝั่งละ 11 คน โดยมีผู้รักษาประตู 1 คน
73,ลูกฟุตบอลลูกใด เป็นลูกฟุตบอลที่ได้มาตรฐาน,ขนาดเส้นรอบวงไม่เกิน 16 -18 นิ้ว และหนัก 300 - 350 กรัม,ขนาดเส้นรอบวงไม่เกิน 20 -22 นิ้ว และหนัก 400 - 450 กรัม,ขนาดเส้นรอบวงไม่เกิน 24 -26 นิ้ว และหนัก 300 - 550 กรัม,ขนาดเส้นรอบวงไม่เกิน 17 -28 นิ้ว และหนัก 400 -450 กรัม,4,ลูกฟุตบอลที่ได้มาตรฐาน ต้องมีเส้นรอบวงไม่เกิน 27 - 28 นิ้ว และหนัก 400-450 กรัม,ตอบ 4. ลูกฟุตบอลที่ได้มาตรฐาน ต้องมีเส้นรอบวงไม่เกิน 27 - 28 นิ้ว และหนัก 400-450 กรัม
74,ข้อใดคือลูกเซปักตะกร้อที่ถูกต้อง,ขนาดเส้นผ่าศูนย์กลาง 30 - 35 เซนติเมตร มีรูอยู่ตรงลูกตะกร้อรวม 10 รู มีจุดตัดจุดไขว้ 18 จุด,ขนาดเส้นผ่าศูนย์กลาง 42- 45 เซนติเมตร มีรูอยู่ตรงลูกตะกร้อรวม 12 รู มีจุดตัดจุดไขว้ 20 จุด,ขนาดเส้นผ่าศูนย์กลาง 50 - 52 เซนติเมตร มีรูอยู่ตรงลูกตะกร้อรวม 14 รู มีจุดตัดจุดไขว้ 22 จุด,ขนาดเส้นผ่าศูนย์กลาง 60 - 62 เซนติเมตร มีรูอยู่ตรงลูกตะกร้อรวม 16 รู มีจุดตัดจุดไขว้ 24 จุด,2,ขนาดเส้นผ่าศูนย์กลาง 42 -45 เซนติเมตร มีรูอยู่ตรงลูกตะกร้อรวม 12 รู มีจุดตัดไขว้ 20 จุด,ตอบ 2. ขนาดเส้นผ่าศูนย์กลาง 42 -45 เซนติเมตร มีรูอยู่ตรงลูกตะกร้อรวม 12 รู มีจุดตัดไขว้ 20 จุด
75,ปัญจกรีฑา คือกรีฑาที่ประกอบด้วยการแข่งขันประเภทใดบ้าง,"กระโดดไกล , พุ่งแหลน, วิ่ง 200 เมตร , ขว้างจักร,วิ่ง1,500 เมตร","วิ่ง 100 เมตร,กระโดดไกล,ทุ่มน้ำหนัก,กระโดดสูง,วิ่ง 400 เมตร","วิ่งข้ามรั้ว 110 เมตร, ขว้างจักร, กระโดดค้ำ, พุ่งแหลน, วิ่ง 1,500 เมตร","กระโดดไกล, เขย่งงก้าวกระโดด, ทุ่งลูกน้ำหนัก, ขว้างค้อน, ขว้างจักร",1,"ปัญจกรีฑา คือการแข่งขั้นกรีฑาของเพศชาย ที่ประกอบด้วยการแข่งขัน 5 ประเภท ได้แก่ กระโดดไกล
พุ่งแหลน วิ่ง 200 เมตร  ขว้างจักร และวิ่ง 1,500 เมตร","ตอบ 1. ปัญจกรีฑา คือการแข่งขั้นกรีฑาของเพศชาย ที่ประกอบด้วยการแข่งขัน 5 ประเภท ได้แก่ กระโดดไกล
พุ่งแหลน วิ่ง 200 เมตร  ขว้างจักร และวิ่ง 1,500 เมตร"
76,สันนิษฐานกันว่ากีฬาเปตองเกิดขึ้นครั้งแรกที่ประเทศอะไร, จีน,สหรัฐอเมริกา,กรีซ,อินเดีย,3,"สันนิฐานกันว่า กีฬาเปตองเกิดขึ้นเป็นครั้งแรกที่ประเทศกรีซ เมือประมาณ 2,000 ปีก่อนคริสตกาล 
โดยเก็บก้อนหินที่เป็นทรงกลมจากภูเขาและใต้ทะเลมาเล่น","ตอบ 3. สันนิฐานกันว่า กีฬาเปตองเกิดขึ้นเป็นครั้งแรกที่ประเทศกรีซ เมือประมาณ 2,000 ปีก่อนคริสตกาล 
โดยเก็บก้อนหินที่เป็นทรงกลมจากภูเขาและใต้ทะเลมาเล่น"
77,ข้อใดคือหลักการออกกำลังกายในผู้สูงอายุ,"ไม่เคยออกกำลัง จะต้องศึกษาหลักการให้ถูกต้องและค่อยๆ ทำ อย่าหักโหม ถ้าหากมีโรค
ประจำตัว ต้องปรึกษาแพทย์ก่อน",เลือกชนิดของการออกกำลังให้เหมาะสมกับสภาพร่างกายและถูกกับนิสัย,อย่งแข่งขันกับผู้อื่น เพื่อเอาแพ้เอาชนะ แต่จงออกกำลังกายเพื่อกำลังของตนเอง,ถูกทุกข้อ,4,ทุกข้อต่างก็เป็นการออกกำลังกายในผู้สูงอายุ,ตอบ 4. ทุกข้อต่างก็เป็นการออกกำลังกายในผู้สูงอายุ
78,สันนิษฐานกันว่ากีฬาปิงปองได้เริ่มขึ้นครั้งแรกในประเทศใด,อังกฤษ,จีน,ญี่ปุ่น,สหรัฐอเมริกา,1,กีฬาปิงปองได้เริ่มขึ้นครั้งแรก ในปี ค.ศ. 1890 ที่ประเทศอังกฤษ,ตอบ 1. กีฬาปิงปองได้เริ่มขึ้นครั้งแรก ในปี ค.ศ. 1890 ที่ประเทศอังกฤษ
79,ข้อใดไม่ใช่มารยาทที่ดีของผู้เล่นฟุตบอล,ปฏิบัติตามระเบียบ กฏกติกาการเล่นอย่างเคร่งครัด และยอมรับการตัดสินตลอดการแข่งขัน,"แบบซุบซิบกับเพื่อนร่วมทีมถึงวิธีทำลายสมาธิฝ่ายตรงข้าม ด้วยการเปลี่ยนมาเล่นเกมบุกให้
รวมเร็ว โดยไม่สนใจผู้ตัดสินที่อยู่ข้างๆว่าจะได้ยินหรือไม่",ทีมตนเป็นฝ่ายแพ้  จึงไม่ยอมจับมือกับผู้เล่นฝ่ายตรงข้ามเมื่อเกมจบ,มีใจคอหนักแน่น อดทนอดกลั้น และสามารถควบคุมอารมณ์ของตนเองได้,3,ถึงจะแข่งขันแพ้ ตามมารยาทก็ต้องจับมือ แสดงความมีน้ำใจ,ตอบ 3. ถึงจะแข่งขันแพ้ ตามมารยาทก็ต้องจับมือ แสดงความมีน้ำใจ
80,ข้อใดคือกฏกติกาที่ไม่ถูกต้องของกีฬาแฮนด์บอล,ใช้มือจับ ขว้าง โยน ลูกบอล ส่งต่อกันกับผู้เล่นในทีมตนเอง เพื่อขว้างบอลเข้าประตูฝ่ายตรงข้าม,สามารถใช้ร่างกายส่วนที่ต่ำกว่าหัวเข่าลงไปโดนลูกบอลได้,ผู้เล่นสามารถถือลูกบอลไว้ในมือได้ไม่เกิน 3 วินาที,ขณะถือลูกบอลสามารถก้าวขาได้ไม่เกิน 3 ก้าว,2,ไม่สามารถใช้ร่างกายส่วนที่ต่ำกว่าหัวเข่าลงไปโดนลูกบอลได้,ตอบ 2. ไม่สามารถใช้ร่างกายส่วนที่ต่ำกว่าหัวเข่าลงไปโดนลูกบอลได้
81,"กีฬาที่มี ""ตะกร้าหวาย"" มาใช้ในการแข่งขันด้วย คือกีฬาประเภทใด",แชร์บอล,แฮนด์บอล,อเมริกันฟุตบอล,ฮอกกี้,1,"แชร์บอลเป็นกีฬาที่มีตะกร้าหวายมาใช้ในการแข่งขัน สำหรับตะกร้านั้น สูง 30-35 เซนติเมตร ปากตะกร้า
เป็นรูปทรงกลม มีเส้นผ่าศูนย์กลาง 30-35 เซนติเมตร","ตอบ 1. แชร์บอลเป็นกีฬาที่มีตะกร้าหวายมาใช้ในการแข่งขัน สำหรับตะกร้านั้น สูง 30-35 เซนติเมตร ปากตะกร้า
เป็นรูปทรงกลม มีเส้นผ่าศูนย์กลาง 30-35 เซนติเมตร"
82,ซอคเกอร์ คือชื่อเรียกอีกอย่างของกีฬาประเภทใด,วอลเล่ย์บอล,ฟุตซอล,ฟุตบอล,อเมริกันฟุตบอล,3,"ซอคเกอร์ เป็นคำที่ชาวอเมริกันใช้เรียกกีฬาฟุตบอล ดังนั้นในอเมริกาเมื่อกล่าวถึง ซอคเกอร์นั่นหมายความถึงฟุตบอล
และไม่ใช่อเมริกันฟุตบอล เพราะอเมริกันฟุตบอลเป็นกีฬาอีกประเภทหนึ่ง ซึ่งเป็นที่นิยมของชาวอเมริกัน
","ตอบ 3. ซอคเกอร์ เป็นคำที่ชาวอเมริกันใช้เรียกกีฬาฟุตบอล ดังนั้นในอเมริกาเมื่อกล่าวถึง ซอคเกอร์นั่นหมายความถึงฟุตบอล
และไม่ใช่อเมริกันฟุตบอล เพราะอเมริกันฟุตบอลเป็นกีฬาอีกประเภทหนึ่ง ซึ่งเป็นที่นิยมของชาวอเมริกัน
"
83,จิ้งจอกสยาม คือสมญานามของทีมฟุตบอลใด,การท่าเรือ,บุรีรัมย์ยูไนเต็ด,วิเลอร์พูล,เลสเตอร์ซิตี,4,จิ้งจอกสยาม คือสมญานามของทีมฟุตบอลเลสเตอร์ซิตี,ตอบ 4. จิ้งจอกสยาม คือสมญานามของทีมฟุตบอลเลสเตอร์ซิตี
84,วิชัย ศรีวัฒนประภา  คือเจ้าของฟุตบอลทีมใด,การท่าเรือ,บุรีรัมย์ยูไนเต็ด,วิเลอร์พูล,เลสเตอร์ซิตี,4,วิชัย ศรีวัฒนประภา คือเจ้าของฟุตบอลทีมเลสเตอร์ซิตี,ตอบ 4. วิชัย ศรีวัฒนประภา คือเจ้าของฟุตบอลทีมเลสเตอร์ซิตี
85,ปัจจุบันฟุตบอลทีมชาติไทยอยู่อันดับที่เท่าใดของโลก,อันดับที่ 150,อันดับที่ 130 ,อันดับที่ 135 ,อันดับที่ 120,4,"ปัจจุบันทีมชาติไทยอยู่อันดับที่ 120 ของโลก และอยู่อันดับที่ 1  ของอาเซียน จากกการจัดอันดับโดยฟีฟ่า
 (กุมภาพันธ์ พ.ศ. 2559)","ตอบ 4. ปัจจุบันทีมชาติไทยอยู่อันดับที่ 120 ของโลก และอยู่อันดับที่ 1  ของอาเซียน จากกการจัดอันดับโดยฟีฟ่า
 (กุมภาพันธ์ พ.ศ. 2559)"
86,ฟุตบอลโลกปี พ.ศ. 2018 จัดขึ้นที่ประเทศใด,สเปน,อังกฤษ,รัสเซีย,จาการ์ต้า,3,"ฟุตบอลโลก 2018 (อังกฤษ: 2018 FIFA World Cup) เป็นการแข่งขันฟุตบอลโลก ที่จะจัดขึ้นในปี ค.ศ. 2018
(พ.ศ. 2561) โดยประเทศรัสเซียเป็นเจ้าภาพ นับเป็นการจัดครั้งแรกของรัสเซียและยุโรปตะวันออก และเป็นครั้งแรกที่ประเทศเจ้าภาพคาคเกี่ยวระหว่างสองทวีป คือ ยุโรปกับเอเซีย โดยการประกาศเจ้าภาพอย่างเป็นทางการมีขึ้นในวันที่ 2 ธันวาคม
พ.ศ. 2553 ณ นครซูริก ประเทศสวิตเซอร์แลนด์ พร้อมกับการประกาศประเทศเจ้าภาพ ปี 2022","ตอบ 3. ฟุตบอลโลก 2018 (อังกฤษ: 2018 FIFA World Cup) เป็นการแข่งขันฟุตบอลโลก ที่จะจัดขึ้นในปี ค.ศ. 2018
(พ.ศ. 2561) โดยประเทศรัสเซียเป็นเจ้าภาพ นับเป็นการจัดครั้งแรกของรัสเซียและยุโรปตะวันออก และเป็นครั้งแรกที่ประเทศเจ้าภาพคาคเกี่ยวระหว่างสองทวีป คือ ยุโรปกับเอเซีย โดยการประกาศเจ้าภาพอย่างเป็นทางการมีขึ้นในวันที่ 2 ธันวาคม
พ.ศ. 2553 ณ นครซูริก ประเทศสวิตเซอร์แลนด์ พร้อมกับการประกาศประเทศเจ้าภาพ ปี 2022"
87,กีฬาเอเชียนเกมส์ปี 2018 จัดขึ้นเป็นครั้งที่เท่าใด,ครั้งที่ 15,ครั้งที่ 16 ,ครั้งที่ 17,ครั้งที่ 18,4,กีฬาเอเซียนเกมส์ 2018 เป็นการแข่งขันกีฬาเอเซียนเกมส์ ครั้งที่ 18,ตอบ 4. กีฬาเอเซียนเกมส์ 2018 เป็นการแข่งขันกีฬาเอเซียนเกมส์ ครั้งที่ 18
88,กีฬาเอเชียนเกมส์ปี 2018 จัดขึ้นที่ประเทศใด,อินโดนีเซีย,อินเดีย,เวียดนาม,ดูไบ,1,"จัดขึ้นในระหว่างวันที่ 18 สิงหาคม- 2 กันยายน พ.ศ. 2561 โดยจาการ์ตาเมืองหลวงของประเทศอินโดนีเซีย
เป็นเจ้าภาพจัดการแข่งขันหลัก ในขณะที่ปาเลมบัง และบันดุง จะเป็นเมืองช่วยจัดการแข่งขัน","ตอบ 1. จัดขึ้นในระหว่างวันที่ 18 สิงหาคม- 2 กันยายน พ.ศ. 2561 โดยจาการ์ตาเมืองหลวงของประเทศอินโดนีเซีย
เป็นเจ้าภาพจัดการแข่งขันหลัก ในขณะที่ปาเลมบัง และบันดุง จะเป็นเมืองช่วยจัดการแข่งขัน"
89,กีฬาโอลิมปิกปี พ.ศ. 2559 จัดเป็นครั้งที่เท่าใด,ครั้งที่ 29 ,ครั้งที่ 30,ครั้งที่ 31,ครั้งที่ 32,3,"ครั้งที่ 31 มหกรรมกีฬาโอลิมปิกฤดูร้อนครั้งที่ 31 ประจำปี ค.ศ. 2016 (พ.ศ. 2559) เป็นกีฬาโอลิมปิกที่จะจัดขึ้นในปี
ค.ศ. 2016","ตอบ 3. ครั้งที่ 31 มหกรรมกีฬาโอลิมปิกฤดูร้อนครั้งที่ 31 ประจำปี ค.ศ. 2016 (พ.ศ. 2559) เป็นกีฬาโอลิมปิกที่จะจัดขึ้นในปี
ค.ศ. 2016"
90,กีฬาโอลิมปิกครั้งปัจจุบัน เมืองและประเทศได้เป็นเจ้าภาพจัดงาน,ซิคาโก สหรัฐอเมริกา,รีโอเดจาเนโร  บราซิล,โตเกียว ญี่ปุ่น,มาดริด สเปน,2,เมืองรีโอเดจาเนโร ประเทศบราซิล ได้รับเลือกเป็นเจ้าภาพการแงขัน,ตอบ 2. เมืองรีโอเดจาเนโร ประเทศบราซิล ได้รับเลือกเป็นเจ้าภาพการแงขัน
91,ผู้ฝึกสอนฟุตบอลทีมชาติไทยคนปัจจุบันชื่อว่าอย่างไร,ไบรอัน ร็อบสัน,วีนิเฟรด เชเฟอร์,เกียรติศักดิ์ เสนาเมือง,ปีเตอร์ รีด,3,"ร้อยตำรวจโท เกียรติศักดิ์ เสนาเมือง (ชื่อเล่น : โก้) เป็นอดีตนักฟุตบอลทีมชาติไทย ในตำแหน่งกองหน้า ปัจจุบัน
เป็นหัวหน้าผู้ฝึกสอนฟุตบอลทีมชาติไทย มีชื่อเล่นที่สื่อมวลชนสายกีฬาตั้งให้ว่า ซิโก้ ตาม่อของนักฟุตบอลชาวบราซิล
ที่มีชื่อเสียง อันมีที่มาจากชื่อเล่นของเขาเอง","ตอบ 3. ร้อยตำรวจโท เกียรติศักดิ์ เสนาเมือง (ชื่อเล่น : โก้) เป็นอดีตนักฟุตบอลทีมชาติไทย ในตำแหน่งกองหน้า ปัจจุบัน
เป็นหัวหน้าผู้ฝึกสอนฟุตบอลทีมชาติไทย มีชื่อเล่นที่สื่อมวลชนสายกีฬาตั้งให้ว่า ซิโก้ ตาม่อของนักฟุตบอลชาวบราซิล
ที่มีชื่อเสียง อันมีที่มาจากชื่อเล่นของเขาเอง"
92,ประเทศไทยเป็นเจ้าเหรียญทองครั้งแรกในกีฬาซีเกมส์นอกบ้านครั้งใด,ซีเกมส์ ครั้งที่ 20  บรูไน,ซีเกมส์ ครั้งที่ 19 จาการ์ตา,ซีเกมส์ ครั้งที่ 18 เชียงใหม่,ซีเกมส์ ครั้งที่ 17  สิงคโปร์,1,ซีเกมส์ ครั้งที่ 20 บรูไนเป็นเจ้าภาพ โดยประเทศไทยได้เหรียญไปทั้งหมดเหรียญทอง 65 เงิน 48 ทองแดง 56,ตอบ 1. ซีเกมส์ ครั้งที่ 20 บรูไนเป็นเจ้าภาพ โดยประเทศไทยได้เหรียญไปทั้งหมดเหรียญทอง 65 เงิน 48 ทองแดง 56
93,ฟุตบอลถ้วยเก่าแก่ที่สุดในโลกคือถ้วยอะไร,เอฟซีคัพ,โอลิมปิกคัพ,เอฟเอคัพ,ฟีฟ่าคัพ,3,"เอฟเอคัพ(อังกฤษ:FA Cup) เป็นการแข่งขันฟุตบอลถ้วยที่ใช้การแข่งขันแบบแพ้คัดออก(น็อกเอาต์) ซึ่งจัดการแข่งขัน
โดยสมาคมฟุตบอลอังกฤษ (เอฟเอ) เริ่มการแข่งขันเป็นครั้งแรก เมื่อ ค.ศ. 1872 ปัจจุบันมีสโมสรฟุตบอลเข้าร่วมทั้งสิ้น 762 ทีม
โดยสโมสรที่ชนะเลิศศุงสุดคืออาร์เซนอล จำนวน 12 ครั้ง
","ตอบ 3. เอฟเอคัพ(อังกฤษ:FA Cup) เป็นการแข่งขันฟุตบอลถ้วยที่ใช้การแข่งขันแบบแพ้คัดออก(น็อกเอาต์) ซึ่งจัดการแข่งขัน
โดยสมาคมฟุตบอลอังกฤษ (เอฟเอ) เริ่มการแข่งขันเป็นครั้งแรก เมื่อ ค.ศ. 1872 ปัจจุบันมีสโมสรฟุตบอลเข้าร่วมทั้งสิ้น 762 ทีม
โดยสโมสรที่ชนะเลิศศุงสุดคืออาร์เซนอล จำนวน 12 ครั้ง
"
94,นักกีฬาคนใดที่ทำเหรียญทองแรกให้กับประเทศไทยในการแข่งขันกีฬาโอลิมปิก,ปวีณา  ทองสุก,มนัส บุญจำนงค์,สมรักษ์  คำสิงห์,วิจารณ์  พลฤทธิ์,3,"นาวาตรี สมรักษ์ คำสิงห์ เป็นนักกีฬาทีมชาติไทยคนแรกที่ได้รับรางวัลเหรียญทอง จากการแข่งขันมวยสากลสมัครเล่น
ในกีฬาโอลิมปิก ครั้งที่ 26 ที่เมืองแอตแลนตา รัฐจอร์เจีย สหรัฐอเมริกา ในปี พ.ศ. 2539","ตอบ 3. นาวาตรี สมรักษ์ คำสิงห์ เป็นนักกีฬาทีมชาติไทยคนแรกที่ได้รับรางวัลเหรียญทอง จากการแข่งขันมวยสากลสมัครเล่น
ในกีฬาโอลิมปิก ครั้งที่ 26 ที่เมืองแอตแลนตา รัฐจอร์เจีย สหรัฐอเมริกา ในปี พ.ศ. 2539"
95,ฟุตบอลประเพณี จุฬา-ธรรมศาสตร์เริ่มแข่งขันครั้งแรกเมื่อปี พ.ศ. ใด,ปี พ.ศ. 2471,ปี พ.ศ. 2473,ปี พ.ศ. 2477,ปี พ. ศ. 2478,3,"งานฟุตบอลประเพณีจุฬาฯ-ธรรมศาสตร์ หรืองานฟุตบอลประเพณีธรรมศาสตร์-จุฬาฯ เป็นงานฟุตบอลประเพณี
ระหว่าง 2 มหาวิทยาลัย คือ จุฬาลงกรณ์มหวิทยาลัยกับมหาวิทยาลัยธรรมศาสตร์ จัดมาตั้งแต่ปี พ.ศ. 2477 แต่ละปีเอาชื่อ
มหาวิทยาลัยเจ้าภาพขึ้นก่อน","ตอบ 3. งานฟุตบอลประเพณีจุฬาฯ-ธรรมศาสตร์ หรืองานฟุตบอลประเพณีธรรมศาสตร์-จุฬาฯ เป็นงานฟุตบอลประเพณี
ระหว่าง 2 มหาวิทยาลัย คือ จุฬาลงกรณ์มหวิทยาลัยกับมหาวิทยาลัยธรรมศาสตร์ จัดมาตั้งแต่ปี พ.ศ. 2477 แต่ละปีเอาชื่อ
มหาวิทยาลัยเจ้าภาพขึ้นก่อน"
96,โรงเรียนกีฬาแห่งแรกของประเทศไทยอยู่ทีไหน,วิทยาลัยพลศึกษา สุพรรบุรี,โรงเรียนกีฬาเทศบาลนครปฐม,โรงเรียนกีฬาจังหวัดชลบุรี,โรงเรียนกีฬาจังหวัดลำปาง,1,"โรงเรียนกีฬาจังหวัดสุพรรณบุรีก่อตั้งขึ้นครั้งแรกเมื่อวันที่ 7 สิงหาคม 2533 โดยสังกัดสถาบันการพลศึกษา กระทรวง
การท่องเที่ยวและการกีฬา มีนายสมบัติ กุรุพันธ์ ดำรงตำแหน่งอาจารญ์ใหญ่เป็นคนแรก หากนับถึงปัจจุบัน มีอายุกว่า 26 ปี
และนับเป็นโรงเรียนกีฬาสมบูรณ์แบบแห่งแรกของไทย","ตอบ 1. โรงเรียนกีฬาจังหวัดสุพรรณบุรีก่อตั้งขึ้นครั้งแรกเมื่อวันที่ 7 สิงหาคม 2533 โดยสังกัดสถาบันการพลศึกษา กระทรวง
การท่องเที่ยวและการกีฬา มีนายสมบัติ กุรุพันธ์ ดำรงตำแหน่งอาจารญ์ใหญ่เป็นคนแรก หากนับถึงปัจจุบัน มีอายุกว่า 26 ปี
และนับเป็นโรงเรียนกีฬาสมบูรณ์แบบแห่งแรกของไทย"
97,ทีมใดเป็นแชมป์ไทยแลนด์ พรีเมียร์ลีก ปี 2015,สโมสรเมืองทองหนองจอกยูไนเต็ด,สโมสรบุรีรัมย์ พีอีเอ,สโมสร SCG เมืองทองยูไนเต็ด,สโมสรบุรีรัมย์ ยูไนเต็ด,4,สโมสรบุรีรัมย์ ยูไนเต็ด,ตอบ 4. สโมสรบุรีรัมย์ ยูไนเต็ด
98,ปัจจุบันบุคคบใดดำรงตำแหน่งนายกสมาคมกีฬาฟุตบอลแห่งประเทศไทยลำดับที่ 17 ,วรวีร์ มะกูดี,สมยศ พุ่มพันธุ์ม่วง,พิสัณห์  จุลดิลก,ธวัชชัย สัจจกุล,2,"สมยศ พุ่มพันธุ์ม่วง เพราะเมื่อวันที่ 11 ก.พ. 59 เววลา 13.15 น. ได้มีการประกาศผลการเลือกตั้งนายกสมาคมกีฬาฟุตบอล
แห่งประเทศไทยฯ โดย พล.ต.อ. สมยศ พุ่มพันธุ์ม่วง ชนะการเลือกตั้งไปด้วยคะแนน 62 เสียง จากเสียงทั้งหมด 68 เสียง ได้ดำรงตำแหน่งเป็นนายกสมาคมกีฬาฟุตบอลแห่งประเทศไทยฯ คนที่ 17 ของประเทศ","ตอบ 2. สมยศ พุ่มพันธุ์ม่วง เพราะเมื่อวันที่ 11 ก.พ. 59 เววลา 13.15 น. ได้มีการประกาศผลการเลือกตั้งนายกสมาคมกีฬาฟุตบอล
แห่งประเทศไทยฯ โดย พล.ต.อ. สมยศ พุ่มพันธุ์ม่วง ชนะการเลือกตั้งไปด้วยคะแนน 62 เสียง จากเสียงทั้งหมด 68 เสียง ได้ดำรงตำแหน่งเป็นนายกสมาคมกีฬาฟุตบอลแห่งประเทศไทยฯ คนที่ 17 ของประเทศ"
99,ใครเป็นนักฟุตบอลที่มีค่าตัวแพงที่สุดในโลก,Ricardo Kaka,Ziatan lbrahimovic,Careth Bale,Cristiano Ronaldo,3,Gareth Bale เหตุผลเพราะ Gareth Bale ย้ายจาก Tottenham Hotspur มา Real Madrid ด้วยค่าตัว 86 ล้านปอนด์,ตอบ 3. Gareth Bale เหตุผลเพราะ Gareth Bale ย้ายจาก Tottenham Hotspur มา Real Madrid ด้วยค่าตัว 86 ล้านปอนด์
100,"แพทย์ได้แนะนำคุณตา อายุ 78 ปี ว่าต้องออกกำลังกายอย่างสม่ำเสมอ และเหมาะสมกับวัย
แต่ข้อใดต่อไปนี้คือการออกกำลังที่ไม่เหมาะสมในกลุ่มผู้สูงอายุ",การเดิน,การวิ่งช้าๆ,การกระโดดสก๊อตจัมพ์,การรำมวยจีน,3,การกระโดดสก๊อตจัมพ์ถือเป็นอันตรายต่อสุขภาพของผู้ที่อยู่ในวัยชรา,ตอบ 3. การกระโดดสก๊อตจัมพ์ถือเป็นอันตรายต่อสุขภาพของผู้ที่อยู่ในวัยชรา
